image_path,quality_type,grayscale_mean,laplacian_variance,glare_pixel_ratio,largest_highlight_component_ratio,is_blur,brightness,has_glare,quality_result
data\processed\bank_card\normal\bank_card_0001.png,normal,94.15854691075515,898.7095995359192,0.017439931350114415,0.0008381006864988559,False,normal,False,pass
data\processed\bank_card\normal\bank_card_0002.png,normal,80.6403918764302,1190.1270308319347,0.017285469107551486,0.0008323798627002288,False,normal,False,pass
data\processed\bank_card\normal\bank_card_0003.png,normal,77.30802345537758,1201.0900310429226,0.018747139588100686,0.0008381006864988559,False,normal,False,pass
data\processed\bank_card\normal\bank_card_0004.png,normal,82.50169908466819,1228.3084459637348,0.017542906178489703,0.0008381006864988559,False,normal,False,pass
data\processed\bank_card\normal\bank_card_0005.png,normal,84.32047768878718,1106.746028405003,0.01794050343249428,0.0008381006864988559,False,normal,False,pass
data\processed\bank_card\normal\bank_card_0006.png,normal,89.82594393592677,1022.2219333305079,0.01870137299771167,0.0008381006864988559,False,normal,False,pass
data\processed\bank_card\normal\bank_card_0007.png,normal,84.79109267734553,1074.8074121747509,0.017828947368421052,0.0008381006864988559,False,normal,False,pass
data\processed\bank_card\normal\bank_card_0008.png,normal,87.69257723112128,1176.8367887011766,0.016719107551487415,0.0008381006864988559,False,normal,False,pass
data\processed\bank_card\normal\bank_card_0009.png,normal,81.56983695652174,1250.0620877650217,0.018149313501144165,0.0008381006864988559,False,normal,False,pass
data\processed\bank_card\normal\bank_card_0010.png,normal,86.61579519450801,1190.4983123438883,0.018106407322654464,0.0008381006864988559,False,normal,False,pass
data\processed\bank_card\normal\bank_card_0011.png,normal,85.77846681922196,1060.9089924040027,0.016939359267734554,0.0008381006864988559,False,normal,False,pass
data\processed\bank_card\normal\bank_card_0012.png,normal,89.07599828375287,1042.9478926749564,0.017545766590389016,0.0008381006864988559,False,normal,False,pass
data\processed\bank_card\normal\bank_card_0013.png,normal,86.40804347826086,1103.9330291054355,0.01765732265446224,0.0008381006864988559,False,normal,False,pass
data\processed\bank_card\normal\bank_card_0014.png,normal,84.41307494279177,1200.468984680727,0.016550343249427918,0.0008352402745995423,False,normal,False,pass
data\processed\bank_card\normal\bank_card_0015.png,normal,82.61849542334096,1142.223867146991,0.01757151029748284,0.0008381006864988559,False,normal,False,pass
data\processed\bank_card\normal\bank_card_0016.png,normal,87.11495137299771,1134.755634406108,0.017248283752860413,0.0008381006864988559,False,normal,False,pass
data\processed\bank_card\normal\bank_card_0017.png,normal,80.56202231121281,1233.4663498943544,0.018835812356979405,0.0008381006864988559,False,normal,False,pass
data\processed\bank_card\normal\bank_card_0018.png,normal,82.84318077803204,1177.0564731120544,0.01765446224256293,0.0008381006864988559,False,normal,False,pass
data\processed\bank_card\normal\bank_card_0019.png,normal,96.29980549199085,927.52834147963,0.01711384439359268,0.0008381006864988559,False,normal,False,pass
data\processed\bank_card\normal\bank_card_0020.png,normal,82.93711670480549,1144.0404831922247,0.0173941647597254,0.0008381006864988559,False,normal,False,pass
data\processed\bank_card\normal\bank_card_0021.png,normal,70.96978832951945,1402.5269379159706,0.017251144164759726,0.0008381006864988559,False,normal,False,pass
data\processed\bank_card\normal\bank_card_0022.png,normal,77.99824084668192,1270.5990144198468,0.017411327231121283,0.0008381006864988559,False,normal,False,pass
data\processed\bank_card\normal\bank_card_0023.png,normal,83.06615560640732,1117.2556436468747,0.018117848970251715,0.0008381006864988559,False,normal,False,pass
data\processed\bank_card\normal\bank_card_0024.png,normal,76.6720680778032,1411.2885525562965,0.018335240274599544,0.0008381006864988559,False,normal,False,pass
data\processed\bank_card\normal\bank_card_0025.png,normal,83.59031750572082,1117.3036922084787,0.017131006864988557,0.0008295194508009153,False,normal,False,pass
data\processed\bank_card\normal\bank_card_0026.png,normal,72.9058066361556,1363.8042219561485,0.01758295194508009,0.0008381006864988559,False,normal,False,pass
data\processed\bank_card\normal\bank_card_0027.png,normal,93.23864702517163,983.7308490431612,0.017265446224256294,0.0008352402745995423,False,normal,False,pass
data\processed\bank_card\normal\bank_card_0028.png,normal,98.852102402746,873.3768143960539,0.017611556064073226,0.0008381006864988559,False,normal,False,pass
data\processed\bank_card\normal\bank_card_0029.png,normal,85.24983409610984,1215.0326785711209,0.01809496567505721,0.0008381006864988559,False,normal,False,pass
data\processed\bank_card\normal\bank_card_0030.png,normal,89.40239702517162,1025.450823624507,0.01729691075514874,0.0008381006864988559,False,normal,False,pass
data\processed\bank_card\normal\bank_card_0031.png,normal,87.39702517162472,1140.802753930603,0.0169279176201373,0.0008381006864988559,False,normal,False,pass
data\processed\bank_card\normal\bank_card_0032.png,normal,85.46398455377575,1113.988546776702,0.017734553775743706,0.0008381006864988559,False,normal,False,pass
data\processed\bank_card\normal\bank_card_0033.png,normal,81.23685926773456,1134.0183519470438,0.017422768878718537,0.0008381006864988559,False,normal,False,pass
data\processed\bank_card\normal\bank_card_0034.png,normal,74.78600686498856,1213.6429002156108,0.017085240274599543,0.0008381006864988559,False,normal,False,pass
data\processed\bank_card\normal\bank_card_0035.png,normal,75.9399799771167,1218.426172365639,0.017594393592677345,0.0008381006864988559,False,normal,False,pass
data\processed\bank_card\normal\bank_card_0036.png,normal,72.68716533180778,1251.9597779189291,0.018023455377574372,0.0008381006864988559,False,normal,False,pass
data\processed\bank_card\normal\bank_card_0037.png,normal,90.25731407322654,1086.8876720904227,0.017371281464530892,0.0008381006864988559,False,normal,False,pass
data\processed\bank_card\normal\bank_card_0038.png,normal,80.1658295194508,1133.8629587266046,0.017282608695652173,0.0008381006864988559,False,normal,False,pass
data\processed\bank_card\normal\bank_card_0039.png,normal,79.95508581235698,1259.6617784183477,0.01887013729977117,0.0008295194508009153,False,normal,False,pass
data\processed\bank_card\normal\bank_card_0040.png,normal,90.8787442791762,1020.6248691639739,0.01873569794050343,0.0008381006864988559,False,normal,False,pass
data\processed\bank_card\normal\bank_card_0041.png,normal,88.99598970251716,1000.3842752846583,0.017831807780320365,0.0008381006864988559,False,normal,False,pass
data\processed\bank_card\normal\bank_card_0042.png,normal,90.27871567505721,1051.1818971967964,0.017485697940503434,0.0008381006864988559,False,normal,False,pass
data\processed\bank_card\normal\bank_card_0043.png,normal,95.82720251716248,989.4318649647003,0.017648741418764304,0.0008381006864988559,False,normal,False,pass
data\processed\bank_card\normal\bank_card_0044.png,normal,88.3629147597254,1108.7518324812454,0.016947940503432495,0.0008295194508009153,False,normal,False,pass
data\processed\bank_card\normal\bank_card_0045.png,normal,89.60392448512586,1030.620569106103,0.018034897025171626,0.0008381006864988559,False,normal,False,pass
data\processed\bank_card\normal\bank_card_0046.png,normal,73.17891018306636,1521.0651343591678,0.017600114416475972,0.0008381006864988559,False,normal,False,pass
data\processed\bank_card\normal\bank_card_0047.png,normal,89.91780606407323,1021.8117304814443,0.018180778032036615,0.0008381006864988559,False,normal,False,pass
data\processed\bank_card\normal\bank_card_0048.png,normal,85.40445080091533,1109.4823627027158,0.018106407322654464,0.0008381006864988559,False,normal,False,pass
data\processed\bank_card\normal\bank_card_0049.png,normal,82.64061498855835,1039.6891841905544,0.017119565217391303,0.0008381006864988559,False,normal,False,pass
data\processed\bank_card\normal\bank_card_0050.png,normal,80.06380720823799,1211.9566711200425,0.017096681922196797,0.0008381006864988559,False,normal,False,pass
data\processed\bank_card\normal\bank_card_0051.png,normal,90.67772025171625,1104.67821508252,0.018232265446224256,0.0008381006864988559,False,normal,False,pass
data\processed\bank_card\normal\bank_card_0052.png,normal,91.4362671624714,973.5073254314098,0.017840389016018306,0.0008381006864988559,False,normal,False,pass
data\processed\bank_card\normal\bank_card_0053.png,normal,84.32347540045767,1152.9251062206104,0.017611556064073226,0.0008352402745995423,False,normal,False,pass
data\processed\bank_card\normal\bank_card_0054.png,normal,83.2658438215103,1126.1726944130899,0.01794050343249428,0.0008381006864988559,False,normal,False,pass
data\processed\bank_card\normal\bank_card_0055.png,normal,83.06595823798627,1198.9385505367036,0.016916475972540045,0.0008381006864988559,False,normal,False,pass
data\processed\bank_card\normal\bank_card_0056.png,normal,84.55155034324943,1113.968381826075,0.017448512585812356,0.0008295194508009153,False,normal,False,pass
data\processed\bank_card\normal\bank_card_0057.png,normal,71.87528604118994,1371.397617270923,0.017831807780320365,0.0008352402745995423,False,normal,False,pass
data\processed\bank_card\normal\bank_card_0058.png,normal,91.89173340961098,1003.7491098373215,0.0179662471395881,0.0008381006864988559,False,normal,False,pass
data\processed\bank_card\normal\bank_card_0059.png,normal,81.54548340961098,1184.4008035333532,0.017554347826086957,0.0008381006864988559,False,normal,False,pass
data\processed\bank_card\normal\bank_card_0060.png,normal,87.89393020594966,1109.222685759461,0.01830091533180778,0.0008381006864988559,False,normal,False,pass
data\processed\bank_card\normal\bank_card_0061.png,normal,81.41521739130435,1199.8997191093843,0.018237986270022884,0.0008381006864988559,False,normal,False,pass
data\processed\bank_card\normal\bank_card_0062.png,normal,77.43851258581236,1235.9670912372887,0.018032036613272313,0.0008381006864988559,False,normal,False,pass
data\processed\bank_card\normal\bank_card_0063.png,normal,88.27997997711671,994.2737206793955,0.016644736842105264,0.0008381006864988559,False,normal,False,pass
data\processed\bank_card\normal\bank_card_0064.png,normal,76.62572082379863,1491.7887547127987,0.018060640732265446,0.0008381006864988559,False,normal,False,pass
data\processed\bank_card\normal\bank_card_0065.png,normal,84.19989988558352,1083.082496953031,0.017196796338672767,0.0008381006864988559,False,normal,False,pass
data\processed\bank_card\normal\bank_card_0066.png,normal,85.22273169336384,1193.9262052243755,0.01754862700228833,0.0008352402745995423,False,normal,False,pass
data\processed\bank_card\normal\bank_card_0067.png,normal,92.83359553775743,939.3939071385606,0.01750858123569794,0.0008352402745995423,False,normal,False,pass
data\processed\bank_card\normal\bank_card_0068.png,normal,96.04139588100686,934.3687443681629,0.01746853546910755,0.0008381006864988559,False,normal,False,pass
data\processed\bank_card\normal\bank_card_0069.png,normal,81.62689931350114,1235.4436382238744,0.018409610983981695,0.0008381006864988559,False,normal,False,pass
data\processed\bank_card\normal\bank_card_0070.png,normal,86.62854977116704,1127.0988619683608,0.017691647597254005,0.0008381006864988559,False,normal,False,pass
data\processed\bank_card\normal\bank_card_0071.png,normal,96.17021453089245,938.8696490012042,0.01829233409610984,0.0008381006864988559,False,normal,False,pass
data\processed\bank_card\normal\bank_card_0072.png,normal,80.49772025171625,1136.7414495735486,0.017694508009153318,0.0008381006864988559,False,normal,False,pass
data\processed\bank_card\normal\bank_card_0073.png,normal,95.76975114416476,979.8817218760308,0.017465675057208238,0.0008381006864988559,False,normal,False,pass
data\processed\bank_card\normal\bank_card_0074.png,normal,81.39886727688787,1289.7321080022725,0.016867848970251717,0.0008381006864988559,False,normal,False,pass
data\processed\bank_card\normal\bank_card_0075.png,normal,84.87270022883295,1066.3648133803704,0.017837528604118993,0.0008381006864988559,False,normal,False,pass
data\processed\bank_card\normal\bank_card_0076.png,normal,86.09079233409611,1005.9190425932678,0.016893592677345536,0.0008295194508009153,False,normal,False,pass
data\processed\bank_card\normal\bank_card_0077.png,normal,84.71855549199084,1103.9358164144114,0.01770308924485126,0.0008295194508009153,False,normal,False,pass
data\processed\bank_card\normal\bank_card_0078.png,normal,85.60722826086956,1102.821149827852,0.017445652173913043,0.0008381006864988559,False,normal,False,pass
data\processed\bank_card\normal\bank_card_0079.png,normal,89.18244279176201,1030.4438661078175,0.017854691075514875,0.0008381006864988559,False,normal,False,pass
data\processed\bank_card\normal\bank_card_0080.png,normal,93.52931350114416,1039.7565455103233,0.01816075514874142,0.0008381006864988559,False,normal,False,pass
data\processed\bank_card\normal\bank_card_0081.png,normal,79.18370995423341,1306.6153233534963,0.016813501144164758,0.0008295194508009153,False,normal,False,pass
data\processed\bank_card\normal\bank_card_0082.png,normal,88.12144450800915,1096.819237052087,0.016739130434782607,0.0008381006864988559,False,normal,False,pass
data\processed\bank_card\normal\bank_card_0083.png,normal,89.29154176201374,1098.7008287398003,0.017877574370709384,0.0008381006864988559,False,normal,False,pass
data\processed\bank_card\normal\bank_card_0084.png,normal,87.21643306636156,1084.4577230648692,0.017316933638443936,0.0008381006864988559,False,normal,False,pass
data\processed\bank_card\normal\bank_card_0085.png,normal,81.97056064073226,1247.5483606057705,0.016876430205949658,0.0008381006864988559,False,normal,False,pass
data\processed\bank_card\normal\bank_card_0086.png,normal,85.25491418764302,1034.360691150715,0.018275171624713957,0.0008381006864988559,False,normal,False,pass
data\processed\bank_card\normal\bank_card_0087.png,normal,79.52782894736842,1214.5535572081073,0.01787471395881007,0.0008381006864988559,False,normal,False,pass
data\processed\bank_card\normal\bank_card_0088.png,normal,87.35984839816933,1031.7663831302461,0.017356979405034324,0.0008381006864988559,False,normal,False,pass
data\processed\bank_card\normal\bank_card_0089.png,normal,86.28195366132724,1089.7982404824131,0.01655320366132723,0.0008381006864988559,False,normal,False,pass
data\processed\bank_card\normal\bank_card_0090.png,normal,92.31905320366133,1019.4116874335624,0.01665903890160183,0.0008381006864988559,False,normal,False,pass
data\processed\bank_card\normal\bank_card_0091.png,normal,77.35062929061785,1166.1035894863746,0.016647597254004578,0.0008381006864988559,False,normal,False,pass
data\processed\bank_card\normal\bank_card_0092.png,normal,95.2333581235698,904.6467529624898,0.017205377574370708,0.0008381006864988559,False,normal,False,pass
data\processed\bank_card\normal\bank_card_0093.png,normal,83.88378718535469,1144.7219622187044,0.017302631578947368,0.0008381006864988559,False,normal,False,pass
data\processed\bank_card\normal\bank_card_0094.png,normal,81.36391590389016,1236.5545004848218,0.017797482837528605,0.0008381006864988559,False,normal,False,pass
data\processed\bank_card\normal\bank_card_0095.png,normal,89.90799199084668,1041.3173289633316,0.017537185354691075,0.0008295194508009153,False,normal,False,pass
data\processed\bank_card\normal\bank_card_0096.png,normal,78.4549742562929,1203.9474181771645,0.017683066361556064,0.0008381006864988559,False,normal,False,pass
data\processed\bank_card\normal\bank_card_0097.png,normal,89.39202803203662,1041.169875513696,0.0170766590389016,0.0008352402745995423,False,normal,False,pass
data\processed\bank_card\normal\bank_card_0098.png,normal,88.51369851258582,1034.730279050232,0.017977688787185354,0.0008381006864988559,False,normal,False,pass
data\processed\bank_card\normal\bank_card_0099.png,normal,86.01364130434783,1145.098640053482,0.017256864988558353,0.0008352402745995423,False,normal,False,pass
data\processed\bank_card\normal\bank_card_0100.png,normal,87.89414187643021,1058.6144617860016,0.01713386727688787,0.0008381006864988559,False,normal,False,pass
data\processed\bank_card\blur\bank_card_0001.png,blur,94.15882151029749,1.219024588341236,0.0,0.0,True,normal,False,review
data\processed\bank_card\blur\bank_card_0002.png,blur,80.65304633867277,1.079076906592169,0.0,0.0,True,normal,False,review
data\processed\bank_card\blur\bank_card_0003.png,blur,77.32440503432494,1.3571181847495533,0.0,0.0,True,normal,False,review
data\processed\bank_card\blur\bank_card_0004.png,blur,82.47647597254004,1.1347028948333893,0.0,0.0,True,normal,False,review
data\processed\bank_card\blur\bank_card_0005.png,blur,84.26693935926774,1.1486396221376247,0.0,0.0,True,normal,False,review
data\processed\bank_card\blur\bank_card_0006.png,blur,89.83629576659038,1.3796340636438371,0.0,0.0,True,normal,False,review
data\processed\bank_card\blur\bank_card_0007.png,blur,84.7916647597254,1.0678301361739342,0.0,0.0,True,normal,False,review
data\processed\bank_card\blur\bank_card_0008.png,blur,87.67924771167048,1.232406576165503,0.0,0.0,True,normal,False,review
data\processed\bank_card\blur\bank_card_0009.png,blur,81.55853546910755,6.47371863100163,0.0,0.0,True,normal,False,review
data\processed\bank_card\blur\bank_card_0010.png,blur,86.61558638443935,0.9150226412402015,0.0,0.0,True,normal,False,review
data\processed\bank_card\blur\bank_card_0011.png,blur,85.77741704805491,2.1926321261238737,0.0,0.0,True,normal,False,review
data\processed\bank_card\blur\bank_card_0012.png,blur,89.09780034324943,0.8352561001311076,0.0,0.0,True,normal,False,review
data\processed\bank_card\blur\bank_card_0013.png,blur,86.3833094965675,2.39692596494719,0.0,0.0,True,normal,False,review
data\processed\bank_card\blur\bank_card_0014.png,blur,84.39302631578947,144.51643241962702,0.004851258581235698,0.0002974828375286041,False,normal,False,pass
data\processed\bank_card\blur\bank_card_0015.png,blur,82.61969107551488,2.4914493617992326,0.0,0.0,True,normal,False,review
data\processed\bank_card\blur\bank_card_0016.png,blur,87.11259153318078,0.7940208716385255,0.0,0.0,True,normal,False,review
data\processed\bank_card\blur\bank_card_0017.png,blur,80.5408123569794,3.7802198229817394,0.0,0.0,True,normal,False,review
data\processed\bank_card\blur\bank_card_0018.png,blur,82.82188501144165,3.2464818361880727,0.0,0.0,True,normal,False,review
data\processed\bank_card\blur\bank_card_0019.png,blur,96.29996281464531,5.30253454421922,0.0,0.0,True,normal,False,review
data\processed\bank_card\blur\bank_card_0020.png,blur,82.92244279176201,2.1325387799852336,0.0,0.0,True,normal,False,review
data\processed\bank_card\blur\bank_card_0021.png,blur,70.95685640732266,49.474185662463526,0.0005949656750572082,6.292906178489703e-05,True,normal,False,review
data\processed\bank_card\blur\bank_card_0022.png,blur,78.03687929061785,0.8802842004461457,0.0,0.0,True,normal,False,review
data\processed\bank_card\blur\bank_card_0023.png,blur,83.050454805492,18.603419159907823,0.0002688787185354691,3.1464530892448515e-05,True,normal,False,review
data\processed\bank_card\blur\bank_card_0024.png,blur,76.70765446224256,0.9332992432999596,0.0,0.0,True,normal,False,review
data\processed\bank_card\blur\bank_card_0025.png,blur,83.5795766590389,55.13185971184295,0.001673340961098398,0.00019450800915331808,True,normal,False,review
data\processed\bank_card\blur\bank_card_0026.png,blur,72.96758295194508,0.9764335638163132,0.0,0.0,True,normal,False,review
data\processed\bank_card\blur\bank_card_0027.png,blur,93.26697082379863,0.8514566086642333,0.0,0.0,True,normal,False,review
data\processed\bank_card\blur\bank_card_0028.png,blur,98.83054633867278,0.9019497405338038,0.0,0.0,True,normal,False,review
data\processed\bank_card\blur\bank_card_0029.png,blur,85.24561784897026,16.730733880883484,0.0002374141876430206,2.288329519450801e-05,True,normal,False,review
data\processed\bank_card\blur\bank_card_0030.png,blur,89.38949942791761,1.0783142969539559,0.0,0.0,True,normal,False,review
data\processed\bank_card\blur\bank_card_0031.png,blur,87.4024942791762,1.048014748336117,0.0,0.0,True,normal,False,review
data\processed\bank_card\blur\bank_card_0032.png,blur,85.51211956521739,0.9425461772509547,0.0,0.0,True,normal,False,review
data\processed\bank_card\blur\bank_card_0033.png,blur,81.22375,9.47983576096611,0.0,0.0,True,normal,False,review
data\processed\bank_card\blur\bank_card_0034.png,blur,74.78442505720824,47.885084594881874,0.0007780320366132723,6.578947368421052e-05,True,normal,False,review
data\processed\bank_card\blur\bank_card_0035.png,blur,75.97434782608696,1.0332951779395476,0.0,0.0,True,normal,False,review
data\processed\bank_card\blur\bank_card_0036.png,blur,72.70704805491991,0.9707959388614777,0.0,0.0,True,normal,False,review
data\processed\bank_card\blur\bank_card_0037.png,blur,90.32558924485126,0.9872622617987084,0.0,0.0,True,normal,False,review
data\processed\bank_card\blur\bank_card_0038.png,blur,80.16113844393593,44.978979193604395,0.0006922196796338673,6.864988558352403e-05,True,normal,False,review
data\processed\bank_card\blur\bank_card_0039.png,blur,80.01512299771167,0.915677000905579,0.0,0.0,True,normal,False,review
data\processed\bank_card\blur\bank_card_0040.png,blur,90.8620652173913,146.58170694062255,0.007451372997711671,0.0004061784897025172,False,normal,False,pass
data\processed\bank_card\blur\bank_card_0041.png,blur,88.97842963386728,184.6102618092138,0.007783180778032037,0.0004262013729977117,False,normal,False,pass
data\processed\bank_card\blur\bank_card_0042.png,blur,90.27118135011442,0.8997097162939405,0.0,0.0,True,normal,False,review
data\processed\bank_card\blur\bank_card_0043.png,blur,95.85215675057208,0.8845065658562389,0.0,0.0,True,normal,False,review
data\processed\bank_card\blur\bank_card_0044.png,blur,88.35270022883296,3.0804094119988057,0.0,0.0,True,normal,False,review
data\processed\bank_card\blur\bank_card_0045.png,blur,89.63764016018307,0.985714828380195,0.0,0.0,True,normal,False,review
data\processed\bank_card\blur\bank_card_0046.png,blur,73.19142734553776,0.8565547387272279,0.0,0.0,True,normal,False,review
data\processed\bank_card\blur\bank_card_0047.png,blur,89.93481979405034,0.9284435031012883,0.0,0.0,True,normal,False,review
data\processed\bank_card\blur\bank_card_0048.png,blur,85.47667906178489,1.034139148107808,0.0,0.0,True,normal,False,review
data\processed\bank_card\blur\bank_card_0049.png,blur,82.64489988558353,0.9894880172878188,0.0,0.0,True,normal,False,review
data\processed\bank_card\blur\bank_card_0050.png,blur,80.02822654462243,123.86519823161743,0.004204805491990846,0.0002774599542334096,False,normal,False,pass
data\processed\bank_card\blur\bank_card_0051.png,blur,90.67979691075514,0.9483749781050855,0.0,0.0,True,normal,False,review
data\processed\bank_card\blur\bank_card_0052.png,blur,91.43982837528604,9.88804536832549,0.0,0.0,True,normal,False,review
data\processed\bank_card\blur\bank_card_0053.png,blur,84.30689073226544,1.009250215930007,0.0,0.0,True,normal,False,review
data\processed\bank_card\blur\bank_card_0054.png,blur,83.38058924485127,0.9791218218336484,0.0,0.0,True,normal,False,review
data\processed\bank_card\blur\bank_card_0055.png,blur,83.07276887871853,1.1771613494124047,0.0,0.0,True,normal,False,review
data\processed\bank_card\blur\bank_card_0056.png,blur,84.51635869565217,1.8841922195487222,0.0,0.0,True,normal,False,review
data\processed\bank_card\blur\bank_card_0057.png,blur,71.88654748283753,0.9748370252501716,0.0,0.0,True,normal,False,review
data\processed\bank_card\blur\bank_card_0058.png,blur,91.87025171624714,2.292487961364148,0.0,0.0,True,normal,False,review
data\processed\bank_card\blur\bank_card_0059.png,blur,81.5812871853547,0.8393631965135705,0.0,0.0,True,normal,False,review
data\processed\bank_card\blur\bank_card_0060.png,blur,87.87302345537758,1.291676082235533,0.0,0.0,True,normal,False,review
data\processed\bank_card\blur\bank_card_0061.png,blur,81.40284038901602,4.880268504835862,0.0,0.0,True,normal,False,review
data\processed\bank_card\blur\bank_card_0062.png,blur,77.43024599542333,390.98193477507306,0.010297482837528604,0.0004776887871853547,False,normal,False,pass
data\processed\bank_card\blur\bank_card_0063.png,blur,88.27401601830664,2.5023646377160684,0.0,0.0,True,normal,False,review
data\processed\bank_card\blur\bank_card_0064.png,blur,76.62094393592677,3.3227074550630595,0.0,0.0,True,normal,False,review
data\processed\bank_card\blur\bank_card_0065.png,blur,84.22558924485126,1.2845472956343698,0.0,0.0,True,normal,False,review
data\processed\bank_card\blur\bank_card_0066.png,blur,85.23984553775743,1.247595507246923,0.0,0.0,True,normal,False,review
data\processed\bank_card\blur\bank_card_0067.png,blur,92.87989416475972,0.9653835989005414,0.0,0.0,True,normal,False,review
data\processed\bank_card\blur\bank_card_0068.png,blur,96.01523741418764,1.5930372664460593,0.0,0.0,True,normal,False,review
data\processed\bank_card\blur\bank_card_0069.png,blur,81.60889588100686,3.237606960676536,0.0,0.0,True,normal,False,review
data\processed\bank_card\blur\bank_card_0070.png,blur,86.56404462242563,0.9156332346807599,0.0,0.0,True,normal,False,review
data\processed\bank_card\blur\bank_card_0071.png,blur,96.15262585812357,1.4147426303401993,0.0,0.0,True,normal,False,review
data\processed\bank_card\blur\bank_card_0072.png,blur,80.52440789473684,0.9833723391541951,0.0,0.0,True,normal,False,review
data\processed\bank_card\blur\bank_card_0073.png,blur,95.7954319221968,0.9476219852436782,0.0,0.0,True,normal,False,review
data\processed\bank_card\blur\bank_card_0074.png,blur,81.3904290617849,0.9016383768766133,0.0,0.0,True,normal,False,review
data\processed\bank_card\blur\bank_card_0075.png,blur,84.86987700228833,4.019720633445416,0.0,0.0,True,normal,False,review
data\processed\bank_card\blur\bank_card_0076.png,blur,86.0595995423341,24.209175150286175,0.00018592677345537757,3.718535469107551e-05,True,normal,False,review
data\processed\bank_card\blur\bank_card_0077.png,blur,84.66247139588101,1.0156215892369966,0.0,0.0,True,normal,False,review
data\processed\bank_card\blur\bank_card_0078.png,blur,85.60489988558352,2.5668197267619353,0.0,0.0,True,normal,False,review
data\processed\bank_card\blur\bank_card_0079.png,blur,89.16462814645308,297.9125744310513,0.009367848970251716,0.0004433638443935927,False,normal,False,pass
data\processed\bank_card\blur\bank_card_0080.png,blur,93.52700228832951,1.013136549641238,0.0,0.0,True,normal,False,review
data\processed\bank_card\blur\bank_card_0081.png,blur,79.22411899313501,1.682157063376451,0.0,0.0,True,normal,False,review
data\processed\bank_card\blur\bank_card_0082.png,blur,88.1108495423341,1.2695024375356736,0.0,0.0,True,normal,False,review
data\processed\bank_card\blur\bank_card_0083.png,blur,89.31375572082379,0.9566980001989854,0.0,0.0,True,normal,False,review
data\processed\bank_card\blur\bank_card_0084.png,blur,87.25142448512585,1.1871181474152877,0.0,0.0,True,normal,False,review
data\processed\bank_card\blur\bank_card_0085.png,blur,82.01760011441648,1.1027648268092596,0.0,0.0,True,normal,False,review
data\processed\bank_card\blur\bank_card_0086.png,blur,85.3191647597254,0.8318406887292569,0.0,0.0,True,normal,False,review
data\processed\bank_card\blur\bank_card_0087.png,blur,79.63498283752861,0.9150976041186659,0.0,0.0,True,normal,False,review
data\processed\bank_card\blur\bank_card_0088.png,blur,87.32787185354691,9.074385979129792,0.0,0.0,True,normal,False,review
data\processed\bank_card\blur\bank_card_0089.png,blur,86.27612128146453,37.98800295741718,0.0007866132723112128,6.578947368421052e-05,True,normal,False,review
data\processed\bank_card\blur\bank_card_0090.png,blur,92.31088672768878,20.842455882597438,9.153318077803204e-05,2.0022883295194507e-05,True,normal,False,review
data\processed\bank_card\blur\bank_card_0091.png,blur,77.45087814645309,0.9932968634225318,0.0,0.0,True,normal,False,review
data\processed\bank_card\blur\bank_card_0092.png,blur,95.27774599542334,0.9471252296756932,0.0,0.0,True,normal,False,review
data\processed\bank_card\blur\bank_card_0093.png,blur,83.87080377574371,95.8253409275851,0.004216247139588101,0.0002774599542334096,False,normal,False,pass
data\processed\bank_card\blur\bank_card_0094.png,blur,81.41514016018307,0.8379053694496884,0.0,0.0,True,normal,False,review
data\processed\bank_card\blur\bank_card_0095.png,blur,89.93608409610984,0.9834263168940377,0.0,0.0,True,normal,False,review
data\processed\bank_card\blur\bank_card_0096.png,blur,78.42400457665904,27.84206274788054,0.0002173913043478261,3.718535469107551e-05,True,normal,False,review
data\processed\bank_card\blur\bank_card_0097.png,blur,89.37994565217392,8.191846243492076,0.0,0.0,True,normal,False,review
data\processed\bank_card\blur\bank_card_0098.png,blur,88.49310068649885,1.0879215942034441,0.0,0.0,True,normal,False,review
data\processed\bank_card\blur\bank_card_0099.png,blur,86.00909324942792,23.874182364022435,0.00017734553775743708,2.8604118993135013e-05,True,normal,False,review
data\processed\bank_card\blur\bank_card_0100.png,blur,87.87105549199084,1.8460044522605763,0.0,0.0,True,normal,False,review
data\processed\bank_card\glare\bank_card_0001.png,glare,95.28589244851258,927.3226029684135,0.024018878718535468,0.006578947368421052,False,normal,True,review
data\processed\bank_card\glare\bank_card_0002.png,glare,84.96600972540045,1252.3214358662597,0.0385812356979405,0.021295766590389016,False,normal,True,review
data\processed\bank_card\glare\bank_card_0003.png,glare,81.88990846681922,1261.719968113861,0.04217677345537758,0.023429633867276888,False,normal,True,review
data\processed\bank_card\glare\bank_card_0004.png,glare,86.28712242562929,1227.6097331490894,0.037488558352402744,0.02319508009153318,False,normal,True,review
data\processed\bank_card\glare\bank_card_0005.png,glare,85.73050915331808,1125.6326073523712,0.026301487414187644,0.008893020594965675,False,normal,True,review
data\processed\bank_card\glare\bank_card_0006.png,glare,92.45951945080091,1062.7270019803934,0.033672768878718534,0.014971395881006865,False,normal,True,review
data\processed\bank_card\glare\bank_card_0007.png,glare,85.84134725400457,1098.370592952783,0.02420766590389016,0.006378718535469108,False,normal,True,review
data\processed\bank_card\glare\bank_card_0008.png,glare,90.01281178489702,1214.8701811496892,0.029719679633867277,0.013000572082379864,False,normal,True,review
data\processed\bank_card\glare\bank_card_0009.png,glare,85.3237271167048,1233.5144962318404,0.039016018306636154,0.02456807780320366,False,normal,True,review
data\processed\bank_card\glare\bank_card_0010.png,glare,87.20232837528604,1181.5729976985792,0.02127574370709382,0.005680778032036613,False,normal,True,review
data\processed\bank_card\glare\bank_card_0011.png,glare,87.48525171624713,1075.7240324497695,0.026547482837528603,0.011287185354691075,False,normal,True,review
data\processed\bank_card\glare\bank_card_0012.png,glare,91.01064931350115,1076.6965482813634,0.02867562929061785,0.011129862700228832,False,normal,True,review
data\processed\bank_card\glare\bank_card_0013.png,glare,90.43856121281465,1155.291930707266,0.040094393592677344,0.022437070938215103,False,normal,True,review
data\processed\bank_card\glare\bank_card_0014.png,glare,89.09804919908467,1255.63906477226,0.04219679633867277,0.02564645308924485,False,normal,True,review
data\processed\bank_card\glare\bank_card_0015.png,glare,83.14747425629291,1135.524261883833,0.02058924485125858,0.004899885583524027,False,normal,False,pass
data\processed\bank_card\glare\bank_card_0016.png,glare,89.63845251716248,1180.3801824610277,0.030120137299771168,0.012871853546910755,False,normal,True,review
data\processed\bank_card\glare\bank_card_0017.png,glare,84.7896167048055,1201.0250398257049,0.042368421052631576,0.02794908466819222,False,normal,True,review
data\processed\bank_card\glare\bank_card_0018.png,glare,87.69013443935927,1239.8007294049605,0.04347254004576659,0.02581807780320366,False,normal,True,review
data\processed\bank_card\glare\bank_card_0019.png,glare,99.89391304347826,968.3249661935889,0.039599542334096106,0.02248569794050343,False,normal,True,review
data\processed\bank_card\glare\bank_card_0020.png,glare,87.78395594965676,1208.127462597259,0.04288329519450801,0.025489130434782608,False,normal,True,review
data\processed\bank_card\glare\bank_card_0021.png,glare,72.43175057208238,1437.3090317374808,0.024342105263157894,0.00709096109839817,False,normal,True,review
data\processed\bank_card\glare\bank_card_0022.png,glare,79.43436498855836,1302.9807707127532,0.024848398169336386,0.007437070938215103,False,normal,True,review
data\processed\bank_card\glare\bank_card_0023.png,glare,83.73927631578947,1139.8476745393232,0.021596109839816933,0.0034782608695652175,False,normal,False,pass
data\processed\bank_card\glare\bank_card_0024.png,glare,77.59573512585813,1437.0487356226581,0.02303203661327231,0.004696796338672769,False,normal,False,pass
data\processed\bank_card\glare\bank_card_0025.png,glare,85.09302059496568,1124.546032025412,0.02560354691075515,0.011035469107551488,False,normal,True,review
data\processed\bank_card\glare\bank_card_0026.png,glare,78.30428775743707,1362.4376258463087,0.045151601830663614,0.02893878718535469,False,normal,True,review
data\processed\bank_card\glare\bank_card_0027.png,glare,94.65410755148741,1015.179464603802,0.024751144164759726,0.0074856979405034324,False,normal,True,review
data\processed\bank_card\glare\bank_card_0028.png,glare,101.28658466819222,911.596865883468,0.03174771167048055,0.014136155606407323,False,normal,True,review
data\processed\bank_card\glare\bank_card_0029.png,glare,85.64266018306637,1210.5066087770706,0.020843821510297483,0.0027488558352402746,False,normal,False,pass
data\processed\bank_card\glare\bank_card_0030.png,glare,93.74898169336385,1077.4349769425846,0.042508581235697944,0.0252116704805492,False,normal,True,review
data\processed\bank_card\glare\bank_card_0031.png,glare,88.96651887871853,1171.3740010701915,0.0258895881006865,0.008961670480549199,False,normal,True,review
data\processed\bank_card\glare\bank_card_0032.png,glare,89.87129862700229,1167.3337069597683,0.04187643020594966,0.02414187643020595,False,normal,True,review
data\processed\bank_card\glare\bank_card_0033.png,glare,82.1333409610984,1163.502059040865,0.021796338672768877,0.004373569794050344,False,normal,False,pass
data\processed\bank_card\glare\bank_card_0034.png,glare,78.60869279176201,1218.5774082247642,0.03633009153318078,0.023060640732265447,False,normal,True,review
data\processed\bank_card\glare\bank_card_0035.png,glare,78.53225686498855,1203.7476941047692,0.030803775743707094,0.01563787185354691,False,normal,True,review
data\processed\bank_card\glare\bank_card_0036.png,glare,73.32527745995424,1286.9930559509658,0.02143878718535469,0.0034153318077803202,False,normal,False,pass
data\processed\bank_card\glare\bank_card_0037.png,glare,92.90746281464531,1125.4511560721164,0.0327545766590389,0.015383295194508009,False,normal,True,review
data\processed\bank_card\glare\bank_card_0038.png,glare,81.65889016018306,1165.5541200538357,0.025303203661327232,0.008020594965675058,False,normal,True,review
data\processed\bank_card\glare\bank_card_0039.png,glare,81.8620966819222,1296.489610226128,0.029113272311212815,0.010243135011441648,False,normal,True,review
data\processed\bank_card\glare\bank_card_0040.png,glare,92.3137728832952,1049.751631177704,0.027079519450800914,0.008343821510297483,False,normal,True,review
data\processed\bank_card\glare\bank_card_0041.png,glare,91.85814931350114,967.8225189917524,0.03595537757437071,0.022093821510297484,False,normal,True,review
data\processed\bank_card\glare\bank_card_0042.png,glare,93.02808638443936,1058.7603582951945,0.0323512585812357,0.016850686498855835,False,normal,True,review
data\processed\bank_card\glare\bank_card_0043.png,glare,98.55721395881007,1026.866041166073,0.034130434782608694,0.016481693363844394,False,normal,True,review
data\processed\bank_card\glare\bank_card_0044.png,glare,89.75924199084668,1136.4117180647695,0.02519736842105263,0.008249427917620138,False,normal,True,review
data\processed\bank_card\glare\bank_card_0045.png,glare,90.76809210526316,1064.1474226530136,0.02363558352402746,0.005600686498855836,False,normal,True,review
data\processed\bank_card\glare\bank_card_0046.png,glare,77.42386441647598,1578.3784982035613,0.04059496567505721,0.022994851258581236,False,normal,True,review
data\processed\bank_card\glare\bank_card_0047.png,glare,90.75469965675057,1013.0387728155405,0.023509725400457666,0.00805491990846682,False,normal,True,review
data\processed\bank_card\glare\bank_card_0048.png,glare,87.356278604119,1148.903649888071,0.028123569794050344,0.01001716247139588,False,normal,True,review
data\processed\bank_card\glare\bank_card_0049.png,glare,87.49864988558352,1100.7554084468472,0.043655606407322654,0.02653604118993135,False,normal,True,review
data\processed\bank_card\glare\bank_card_0050.png,glare,82.41464530892449,1255.3465052161525,0.028867276887871853,0.011770594965675058,False,normal,True,review
data\processed\bank_card\glare\bank_card_0051.png,glare,94.84185926773455,1151.8056349909868,0.042677345537757434,0.02444508009153318,False,normal,True,review
data\processed\bank_card\glare\bank_card_0052.png,glare,92.71200800915332,1003.3875371018901,0.02458237986270023,0.006741990846681922,False,normal,True,review
data\processed\bank_card\glare\bank_card_0053.png,glare,87.72261155606407,1206.2060558773608,0.034859839816933635,0.017248283752860413,False,normal,True,review
data\processed\bank_card\glare\bank_card_0054.png,glare,86.3054204805492,1171.996447273502,0.03426773455377574,0.016327231121281465,False,normal,True,review
data\processed\bank_card\glare\bank_card_0055.png,glare,85.11744565217391,1173.023001337619,0.02923340961098398,0.016049771167048053,False,normal,True,review
data\processed\bank_card\glare\bank_card_0056.png,glare,90.4899685354691,1186.539320041178,0.04690503432494279,0.029456521739130433,False,normal,True,review
data\processed\bank_card\glare\bank_card_0057.png,glare,76.04247139588101,1362.6910268819072,0.03844679633867277,0.02405892448512586,False,normal,True,review
data\processed\bank_card\glare\bank_card_0058.png,glare,95.07079233409611,1049.2993844368639,0.036541762013729974,0.018575514874141875,False,normal,True,review
data\processed\bank_card\glare\bank_card_0059.png,glare,84.232471395881,1227.4656490711106,0.03230263157894737,0.014748283752860412,False,normal,True,review
data\processed\bank_card\glare\bank_card_0060.png,glare,88.30128146453089,1124.691861960834,0.020509153318077802,0.0022082379862700227,False,normal,False,pass
data\processed\bank_card\glare\bank_card_0061.png,glare,85.16562356979405,1256.8220818096129,0.03732265446224256,0.01908466819221968,False,normal,True,review
data\processed\bank_card\glare\bank_card_0062.png,glare,82.46162471395881,1294.4740649214991,0.04633581235697941,0.028303775743707092,False,normal,True,review
data\processed\bank_card\glare\bank_card_0063.png,glare,90.23197940503432,1032.5456543178395,0.02691075514874142,0.010266018306636156,False,normal,True,review
data\processed\bank_card\glare\bank_card_0064.png,glare,82.22927059496567,1567.9033828592515,0.044662471395881004,0.02660183066361556,False,normal,True,review
data\processed\bank_card\glare\bank_card_0065.png,glare,85.40439359267735,1113.9238813923905,0.023584096109839817,0.006387299771167048,False,normal,True,review
data\processed\bank_card\glare\bank_card_0066.png,glare,87.06028318077803,1227.0286537369611,0.028258009153318078,0.010709382151029748,False,normal,True,review
data\processed\bank_card\glare\bank_card_0067.png,glare,94.35644450800915,954.4650398616728,0.026041189931350114,0.009854118993135012,False,normal,True,review
data\processed\bank_card\glare\bank_card_0068.png,glare,100.69993707093822,921.2187672514581,0.044393592677345536,0.02892162471395881,False,normal,True,review
data\processed\bank_card\glare\bank_card_0069.png,glare,85.46828947368421,1285.2090730064829,0.038575514874141875,0.020165903890160184,False,normal,True,review
data\processed\bank_card\glare\bank_card_0070.png,glare,87.52297768878718,1154.4426091079488,0.02200800915331808,0.004316361556064074,False,normal,False,pass
data\processed\bank_card\glare\bank_card_0071.png,glare,101.27806064073226,994.047663875346,0.04772311212814645,0.029430778032036614,False,normal,True,review
data\processed\bank_card\glare\bank_card_0072.png,glare,81.10399313501144,1127.5779598710312,0.020866704805491992,0.005017162471395881,False,normal,True,review
data\processed\bank_card\glare\bank_card_0073.png,glare,99.79922768878718,1029.8876658119577,0.04034038901601831,0.022874713958810067,False,normal,True,review
data\processed\bank_card\glare\bank_card_0074.png,glare,84.02426201372998,1332.8872681853388,0.03130720823798627,0.014439359267734554,False,normal,True,review
data\processed\bank_card\glare\bank_card_0075.png,glare,89.96278890160183,1126.518938094329,0.04571796338672769,0.027880434782608696,False,normal,True,review
data\processed\bank_card\glare\bank_card_0076.png,glare,88.51187643020594,1052.3325380166089,0.028678489702517164,0.011784897025171624,False,normal,True,review
data\processed\bank_card\glare\bank_card_0077.png,glare,86.68961384439359,1139.4443633251667,0.02862700228832952,0.010923913043478261,False,normal,True,review
data\processed\bank_card\glare\bank_card_0078.png,glare,90.28629004576659,1086.0723512008497,0.04403890160183067,0.030205949656750573,False,normal,True,review
data\processed\bank_card\glare\bank_card_0079.png,glare,93.1016733409611,1049.8375274350485,0.04107551487414188,0.025657894736842105,False,normal,True,review
data\processed\bank_card\glare\bank_card_0080.png,glare,97.21258009153318,1093.1221347551746,0.0384954233409611,0.02033466819221968,False,normal,True,review
data\processed\bank_card\glare\bank_card_0081.png,glare,81.04061498855835,1352.6766391429696,0.026470251716247138,0.00965675057208238,False,normal,True,review
data\processed\bank_card\glare\bank_card_0082.png,glare,93.18038615560641,1157.3822805303478,0.044856979405034324,0.028117848970251717,False,normal,True,review
data\processed\bank_card\glare\bank_card_0083.png,glare,90.6087614416476,1127.149615925155,0.025640732265446223,0.0077631578947368425,False,normal,True,review
data\processed\bank_card\glare\bank_card_0084.png,glare,88.76342105263159,1118.694948465327,0.02546338672768879,0.00814645308924485,False,normal,True,review
data\processed\bank_card\glare\bank_card_0085.png,glare,84.14819508009154,1286.2139384089742,0.028858695652173912,0.011982265446224256,False,normal,True,review
data\processed\bank_card\glare\bank_card_0086.png,glare,87.65909610983982,1074.166034400143,0.031378718535469106,0.013103546910755149,False,normal,True,review
data\processed\bank_card\glare\bank_card_0087.png,glare,82.72520594965675,1265.939821510167,0.034342105263157896,0.016467391304347826,False,normal,True,review
data\processed\bank_card\glare\bank_card_0088.png,glare,89.10314073226544,1066.791297317889,0.026867848970251716,0.009510869565217392,False,normal,True,review
data\processed\bank_card\glare\bank_card_0089.png,glare,88.32234553775744,1111.6057175991177,0.028049199084668193,0.011495995423340961,False,normal,True,review
data\processed\bank_card\glare\bank_card_0090.png,glare,94.13844393592677,1013.6280432688027,0.028272311212814646,0.013535469107551488,False,normal,True,review
data\processed\bank_card\glare\bank_card_0091.png,glare,80.34764874141877,1209.7940757563974,0.03263157894736842,0.015983981693363843,False,normal,True,review
data\processed\bank_card\glare\bank_card_0092.png,glare,98.05756292906179,943.2568444956706,0.033767162471395884,0.016561784897025172,False,normal,True,review
data\processed\bank_card\glare\bank_card_0093.png,glare,87.78071796338672,1194.2298397930751,0.03793764302059496,0.0206350114416476,False,normal,True,review
data\processed\bank_card\glare\bank_card_0094.png,glare,86.32299771167048,1296.7295691347072,0.04399313501144165,0.026195652173913044,False,normal,True,review
data\processed\bank_card\glare\bank_card_0095.png,glare,91.41560640732266,1026.9778552791208,0.027119565217391305,0.012454233409610984,False,normal,True,review
data\processed\bank_card\glare\bank_card_0096.png,glare,83.47554919908467,1192.359769435746,0.043804347826086956,0.02879862700228833,False,normal,True,review
data\processed\bank_card\glare\bank_card_0097.png,glare,89.75105835240275,1055.78590526198,0.019130434782608695,0.0020537757437070936,False,normal,False,pass
data\processed\bank_card\glare\bank_card_0098.png,glare,93.85482551487414,1094.8489861440537,0.04659324942791762,0.028615560640732264,False,normal,True,review
data\processed\bank_card\glare\bank_card_0099.png,glare,87.27764016018307,1175.466735019157,0.024270594965675057,0.007013729977116705,False,normal,True,review
data\processed\bank_card\glare\bank_card_0100.png,glare,90.73101544622426,1074.4377569805097,0.034038901601830665,0.01897883295194508,False,normal,True,review
data\processed\bank_card\occlusion\bank_card_0001.png,occlusion,92.79383867276889,901.8584610919834,0.017053775743707093,0.0008381006864988559,False,normal,False,pass
data\processed\bank_card\occlusion\bank_card_0002.png,occlusion,80.2707866132723,1190.1092905573353,0.017285469107551486,0.0008323798627002288,False,normal,False,pass
data\processed\bank_card\occlusion\bank_card_0003.png,occlusion,74.79532322654462,1071.9687324159206,0.012531464530892449,0.0008381006864988559,False,normal,False,pass
data\processed\bank_card\occlusion\bank_card_0004.png,occlusion,81.4300343249428,1161.4090066044669,0.01669050343249428,0.0008381006864988559,False,normal,False,pass
data\processed\bank_card\occlusion\bank_card_0005.png,occlusion,83.05611556064073,1111.8163544919596,0.01794050343249428,0.0008381006864988559,False,normal,False,pass
data\processed\bank_card\occlusion\bank_card_0006.png,occlusion,87.52658180778032,1029.3274939712403,0.01870137299771167,0.0008381006864988559,False,normal,False,pass
data\processed\bank_card\occlusion\bank_card_0007.png,occlusion,83.27301487414188,1074.9198206415701,0.017828947368421052,0.0008381006864988559,False,normal,False,pass
data\processed\bank_card\occlusion\bank_card_0008.png,occlusion,86.59443649885584,1179.349569021543,0.016719107551487415,0.0008381006864988559,False,normal,False,pass
data\processed\bank_card\occlusion\bank_card_0009.png,occlusion,80.35814073226544,1252.6293532112459,0.018149313501144165,0.0008381006864988559,False,normal,False,pass
data\processed\bank_card\occlusion\bank_card_0010.png,occlusion,84.53727402745996,1177.3728718404557,0.017070938215102974,0.0008381006864988559,False,normal,False,pass
data\processed\bank_card\occlusion\bank_card_0011.png,occlusion,84.24497139588101,1065.3682029303186,0.016939359267734554,0.0008381006864988559,False,normal,False,pass
data\processed\bank_card\occlusion\bank_card_0012.png,occlusion,88.03579233409612,1046.1915425605398,0.017545766590389016,0.0008381006864988559,False,normal,False,pass
data\processed\bank_card\occlusion\bank_card_0013.png,occlusion,84.92453375286041,1110.5515016454813,0.01765732265446224,0.0008381006864988559,False,normal,False,pass
data\processed\bank_card\occlusion\bank_card_0014.png,occlusion,83.09407036613273,1130.737365687592,0.01585812356979405,0.0008352402745995423,False,normal,False,pass
data\processed\bank_card\occlusion\bank_card_0015.png,occlusion,82.00454233409612,1144.256704675595,0.01757151029748284,0.0008381006864988559,False,normal,False,pass
data\processed\bank_card\occlusion\bank_card_0016.png,occlusion,86.62235983981694,1135.711252255078,0.017248283752860413,0.0008381006864988559,False,normal,False,pass
data\processed\bank_card\occlusion\bank_card_0017.png,occlusion,78.0042019450801,1157.225594745613,0.013661327231121281,0.0008381006864988559,False,normal,False,pass
data\processed\bank_card\occlusion\bank_card_0018.png,occlusion,82.25633581235698,1178.8218449656013,0.01765446224256293,0.0008381006864988559,False,normal,False,pass
data\processed\bank_card\occlusion\bank_card_0019.png,occlusion,95.02014016018306,937.0299661935888,0.01711384439359268,0.0008381006864988559,False,normal,False,pass
data\processed\bank_card\occlusion\bank_card_0020.png,occlusion,81.91300057208238,1146.6818504691123,0.0173941647597254,0.0008381006864988559,False,normal,False,pass
data\processed\bank_card\occlusion\bank_card_0021.png,occlusion,69.51632723112128,1297.6596610280988,0.012857551487414187,0.0008381006864988559,False,normal,False,pass
data\processed\bank_card\occlusion\bank_card_0022.png,occlusion,75.44219965675057,1184.8323954267119,0.01665045766590389,0.0008381006864988559,False,normal,False,pass
data\processed\bank_card\occlusion\bank_card_0023.png,occlusion,82.66026601830663,1024.9617649283393,0.018117848970251715,0.0008381006864988559,False,normal,False,pass
data\processed\bank_card\occlusion\bank_card_0024.png,occlusion,75.08263729977116,1308.3682779567544,0.01493421052631579,0.0008381006864988559,False,normal,False,pass
data\processed\bank_card\occlusion\bank_card_0025.png,occlusion,81.9275057208238,1115.8760835128264,0.01669908466819222,0.0008295194508009153,False,normal,False,pass
data\processed\bank_card\occlusion\bank_card_0026.png,occlusion,72.49452517162472,1362.83985696759,0.01698512585812357,0.0008381006864988559,False,normal,False,pass
data\processed\bank_card\occlusion\bank_card_0027.png,occlusion,90.55557494279176,976.0723478989964,0.017265446224256294,0.0008352402745995423,False,normal,False,pass
data\processed\bank_card\occlusion\bank_card_0028.png,occlusion,96.70020594965675,870.7559734349554,0.017457093821510297,0.0008381006864988559,False,normal,False,pass
data\processed\bank_card\occlusion\bank_card_0029.png,occlusion,83.78863558352403,1181.0361682736382,0.015154462242562929,0.0008381006864988559,False,normal,False,pass
data\processed\bank_card\occlusion\bank_card_0030.png,occlusion,88.10606693363844,1031.068798452882,0.01729691075514874,0.0008381006864988559,False,normal,False,pass
data\processed\bank_card\occlusion\bank_card_0031.png,occlusion,85.28733981693364,1056.9670445484521,0.012980549199084668,0.0008381006864988559,False,normal,False,pass
data\processed\bank_card\occlusion\bank_card_0032.png,occlusion,84.90213958810068,1115.3170708041619,0.017734553775743706,0.0008381006864988559,False,normal,False,pass
data\processed\bank_card\occlusion\bank_card_0033.png,occlusion,80.1558037757437,1135.808289017982,0.017265446224256294,0.0008381006864988559,False,normal,False,pass
data\processed\bank_card\occlusion\bank_card_0034.png,occlusion,73.46811784897025,1170.8387011309426,0.017085240274599543,0.0008381006864988559,False,normal,False,pass
data\processed\bank_card\occlusion\bank_card_0035.png,occlusion,75.25953661327232,1163.8927169880649,0.015820938215102973,0.0008381006864988559,False,normal,False,pass
data\processed\bank_card\occlusion\bank_card_0036.png,occlusion,72.42743135011442,1207.1525067518808,0.016701945080091533,0.0008381006864988559,False,normal,False,pass
data\processed\bank_card\occlusion\bank_card_0037.png,occlusion,88.85024599542334,1092.5952235778368,0.017371281464530892,0.0008381006864988559,False,normal,False,pass
data\processed\bank_card\occlusion\bank_card_0038.png,occlusion,78.92547482837529,1070.3411738295795,0.01352116704805492,0.0008381006864988559,False,normal,False,pass
data\processed\bank_card\occlusion\bank_card_0039.png,occlusion,78.8887929061785,1261.9420644595377,0.01887013729977117,0.0008295194508009153,False,normal,False,pass
data\processed\bank_card\occlusion\bank_card_0040.png,occlusion,88.0187356979405,1003.0943714523036,0.016813501144164758,0.0008381006864988559,False,normal,False,pass
data\processed\bank_card\occlusion\bank_card_0041.png,occlusion,87.58059210526316,1004.0770842091438,0.017831807780320365,0.0008381006864988559,False,normal,False,pass
data\processed\bank_card\occlusion\bank_card_0042.png,occlusion,86.90408466819223,1037.0182187070939,0.017485697940503434,0.0008381006864988559,False,normal,False,pass
data\processed\bank_card\occlusion\bank_card_0043.png,occlusion,94.03336956521738,916.5658523788878,0.013984553775743707,0.0008381006864988559,False,normal,False,pass
data\processed\bank_card\occlusion\bank_card_0044.png,occlusion,86.28242848970251,1084.6329194377668,0.016947940503432495,0.0008295194508009153,False,normal,False,pass
data\processed\bank_card\occlusion\bank_card_0045.png,occlusion,88.11534897025172,1031.1587441633112,0.018034897025171626,0.0008381006864988559,False,normal,False,pass
data\processed\bank_card\occlusion\bank_card_0046.png,occlusion,72.27700514874142,1523.29217097244,0.017600114416475972,0.0008381006864988559,False,normal,False,pass
data\processed\bank_card\occlusion\bank_card_0047.png,occlusion,88.72023741418764,1026.0147854013528,0.018180778032036615,0.0008381006864988559,False,normal,False,pass
data\processed\bank_card\occlusion\bank_card_0048.png,occlusion,84.80025743707094,1110.868701375485,0.018106407322654464,0.0008381006864988559,False,normal,False,pass
data\processed\bank_card\occlusion\bank_card_0049.png,occlusion,81.43467677345538,1044.1649507809434,0.017119565217391303,0.0008381006864988559,False,normal,False,pass
data\processed\bank_card\occlusion\bank_card_0050.png,occlusion,77.93972540045766,1187.968478900363,0.017096681922196797,0.0008381006864988559,False,normal,False,pass
data\processed\bank_card\occlusion\bank_card_0051.png,occlusion,89.00857265446224,1074.2377574166162,0.01816933638443936,0.0008381006864988559,False,normal,False,pass
data\processed\bank_card\occlusion\bank_card_0052.png,occlusion,90.02299771167048,978.5277888181377,0.017685926773455377,0.0008381006864988559,False,normal,False,pass
data\processed\bank_card\occlusion\bank_card_0053.png,occlusion,83.77650743707093,1153.6038247560796,0.017611556064073226,0.0008352402745995423,False,normal,False,pass
data\processed\bank_card\occlusion\bank_card_0054.png,occlusion,81.78319221967963,1087.3542161522203,0.017740274599542333,0.0008381006864988559,False,normal,False,pass
data\processed\bank_card\occlusion\bank_card_0055.png,occlusion,81.96917334096109,1201.5707358913946,0.016916475972540045,0.0008381006864988559,False,normal,False,pass
data\processed\bank_card\occlusion\bank_card_0056.png,occlusion,83.3949914187643,1100.948696471384,0.017448512585812356,0.0008295194508009153,False,normal,False,pass
data\processed\bank_card\occlusion\bank_card_0057.png,occlusion,71.296676201373,1292.3068106347678,0.016899313501144164,0.0008352402745995423,False,normal,False,pass
data\processed\bank_card\occlusion\bank_card_0058.png,occlusion,89.03964530892449,960.4451224231339,0.01705949656750572,0.0008381006864988559,False,normal,False,pass
data\processed\bank_card\occlusion\bank_card_0059.png,occlusion,81.13908466819223,1090.681655936099,0.017554347826086957,0.0008381006864988559,False,normal,False,pass
data\processed\bank_card\occlusion\bank_card_0060.png,occlusion,86.91144736842105,1112.5726171095755,0.01830091533180778,0.0008381006864988559,False,normal,False,pass
data\processed\bank_card\occlusion\bank_card_0061.png,occlusion,79.24423913043478,1179.569947942336,0.018237986270022884,0.0008381006864988559,False,normal,False,pass
data\processed\bank_card\occlusion\bank_card_0062.png,occlusion,76.60228260869565,1228.1417136629182,0.01665617848970252,0.0008381006864988559,False,normal,False,pass
data\processed\bank_card\occlusion\bank_card_0063.png,occlusion,86.9125057208238,996.9764723956426,0.016644736842105264,0.0008381006864988559,False,normal,False,pass
data\processed\bank_card\occlusion\bank_card_0064.png,occlusion,76.41188787185355,1491.3710373214942,0.018060640732265446,0.0008381006864988559,False,normal,False,pass
data\processed\bank_card\occlusion\bank_card_0065.png,occlusion,83.06439359267735,1046.2811754427335,0.01628432494279176,0.0008381006864988559,False,normal,False,pass
data\processed\bank_card\occlusion\bank_card_0066.png,occlusion,83.38427631578948,1157.6010107163663,0.016581807780320368,0.0008352402745995423,False,normal,False,pass
data\processed\bank_card\occlusion\bank_card_0067.png,occlusion,91.38153890160183,941.6867275046934,0.01750858123569794,0.0008352402745995423,False,normal,False,pass
data\processed\bank_card\occlusion\bank_card_0068.png,occlusion,93.56280892448513,939.7259354436776,0.01746853546910755,0.0008381006864988559,False,normal,False,pass
data\processed\bank_card\occlusion\bank_card_0069.png,occlusion,80.22399599542334,1242.2202514961855,0.018409610983981695,0.0008381006864988559,False,normal,False,pass
data\processed\bank_card\occlusion\bank_card_0070.png,occlusion,85.43907322654462,1016.1388276434182,0.014116132723112127,0.0008381006864988559,False,normal,False,pass
data\processed\bank_card\occlusion\bank_card_0071.png,occlusion,93.88174199084668,911.7537851568106,0.017794622425629292,0.0008381006864988559,False,normal,False,pass
data\processed\bank_card\occlusion\bank_card_0072.png,occlusion,78.34026029748284,1092.5988408778965,0.016819221967963385,0.0008381006864988559,False,normal,False,pass
data\processed\bank_card\occlusion\bank_card_0073.png,occlusion,94.49773169336385,986.8653088325526,0.017465675057208238,0.0008381006864988559,False,normal,False,pass
data\processed\bank_card\occlusion\bank_card_0074.png,occlusion,78.84865846681922,1237.8111354622263,0.016867848970251717,0.0008381006864988559,False,normal,False,pass
data\processed\bank_card\occlusion\bank_card_0075.png,occlusion,82.25643878718536,965.018520474192,0.012414187643020595,0.0008381006864988559,False,normal,False,pass
data\processed\bank_card\occlusion\bank_card_0076.png,occlusion,83.97882437070938,974.1718858426955,0.016627574370709382,0.0008295194508009153,False,normal,False,pass
data\processed\bank_card\occlusion\bank_card_0077.png,occlusion,84.02635583524028,1105.6473381535418,0.01770308924485126,0.0008295194508009153,False,normal,False,pass
data\processed\bank_card\occlusion\bank_card_0078.png,occlusion,84.1616733409611,1081.5782093244193,0.015443363844393593,0.0008381006864988559,False,normal,False,pass
data\processed\bank_card\occlusion\bank_card_0079.png,occlusion,88.48897597254005,1031.5909027210898,0.017854691075514875,0.0008381006864988559,False,normal,False,pass
data\processed\bank_card\occlusion\bank_card_0080.png,occlusion,92.06181064073226,1044.6174150755407,0.01816075514874142,0.0008381006864988559,False,normal,False,pass
data\processed\bank_card\occlusion\bank_card_0081.png,occlusion,78.83036899313501,1290.6680006990339,0.01648741418764302,0.0008295194508009153,False,normal,False,pass
data\processed\bank_card\occlusion\bank_card_0082.png,occlusion,86.93645308924485,1101.1554727500275,0.016739130434782607,0.0008381006864988559,False,normal,False,pass
data\processed\bank_card\occlusion\bank_card_0083.png,occlusion,86.99558638443936,1094.2576479617683,0.017877574370709384,0.0008381006864988559,False,normal,False,pass
data\processed\bank_card\occlusion\bank_card_0084.png,occlusion,85.38628432494279,1091.7589988085765,0.017316933638443936,0.0008381006864988559,False,normal,False,pass
data\processed\bank_card\occlusion\bank_card_0085.png,occlusion,80.5449971395881,1249.4140299421551,0.016876430205949658,0.0008381006864988559,False,normal,False,pass
data\processed\bank_card\occlusion\bank_card_0086.png,occlusion,83.68576659038902,993.2434600294335,0.018275171624713957,0.0008381006864988559,False,normal,False,pass
data\processed\bank_card\occlusion\bank_card_0087.png,occlusion,78.53515160183066,1215.9140606406015,0.01787471395881007,0.0008381006864988559,False,normal,False,pass
data\processed\bank_card\occlusion\bank_card_0088.png,occlusion,85.43012013729977,1030.6570867915732,0.016916475972540045,0.0008381006864988559,False,normal,False,pass
data\processed\bank_card\occlusion\bank_card_0089.png,occlusion,84.57232265446224,1064.2994246929395,0.01655320366132723,0.0008381006864988559,False,normal,False,pass
data\processed\bank_card\occlusion\bank_card_0090.png,occlusion,89.74680778032037,987.0814128340199,0.016052631578947367,0.0008381006864988559,False,normal,False,pass
data\processed\bank_card\occlusion\bank_card_0091.png,occlusion,75.94435068649885,1140.530225641981,0.014628146453089245,0.0008381006864988559,False,normal,False,pass
data\processed\bank_card\occlusion\bank_card_0092.png,occlusion,93.46949942791763,907.2954028480733,0.017205377574370708,0.0008381006864988559,False,normal,False,pass
data\processed\bank_card\occlusion\bank_card_0093.png,occlusion,82.91879862700229,1146.8722024933038,0.017302631578947368,0.0008381006864988559,False,normal,False,pass
data\processed\bank_card\occlusion\bank_card_0094.png,occlusion,79.33818077803204,1209.5526812628536,0.017797482837528605,0.0008381006864988559,False,normal,False,pass
data\processed\bank_card\occlusion\bank_card_0095.png,occlusion,87.73974542334096,1016.1002008168784,0.016596109839816933,0.0008295194508009153,False,normal,False,pass
data\processed\bank_card\occlusion\bank_card_0096.png,occlusion,77.25989702517163,1090.226428474648,0.013821510297482837,0.0008381006864988559,False,normal,False,pass
data\processed\bank_card\occlusion\bank_card_0097.png,occlusion,87.7299942791762,957.4335025159844,0.016127002288329518,0.0008352402745995423,False,normal,False,pass
data\processed\bank_card\occlusion\bank_card_0098.png,occlusion,87.30044908466819,1023.7544438099573,0.016973684210526314,0.0008381006864988559,False,normal,False,pass
data\processed\bank_card\occlusion\bank_card_0099.png,occlusion,85.10826659038902,1106.5512087033678,0.016987986270022883,0.0008352402745995423,False,normal,False,pass
data\processed\bank_card\occlusion\bank_card_0100.png,occlusion,85.35797768878719,1036.0800910766195,0.015434782608695652,0.0008381006864988559,False,normal,False,pass
data\processed\bank_card\rotate\bank_card_0001.png,rotate,93.98119565217391,873.5801995647117,0.016252860411899314,0.0007236842105263158,False,normal,False,pass
data\processed\bank_card\rotate\bank_card_0002.png,rotate,77.91403318077803,1012.3357866365011,0.015766590389016018,0.0006950800915331808,False,normal,False,pass
data\processed\bank_card\rotate\bank_card_0003.png,rotate,74.33188787185355,1017.7320905431967,0.017088100686498856,0.0007036613272311213,False,normal,False,pass
data\processed\bank_card\rotate\bank_card_0004.png,rotate,80.82182494279176,1039.7752578886414,0.016312929061784897,0.0006950800915331808,False,normal,False,pass
data\processed\bank_card\rotate\bank_card_0005.png,rotate,81.57756578947368,922.5292016458167,0.016367276887871852,0.0006979405034324942,False,normal,False,pass
data\processed\bank_card\rotate\bank_card_0006.png,rotate,86.82728546910755,866.8908545562042,0.017110983981693365,0.0006979405034324942,False,normal,False,pass
data\processed\bank_card\rotate\bank_card_0007.png,rotate,83.46448512585812,909.7226103533084,0.016607551487414187,0.0007008009153318078,False,normal,False,pass
data\processed\bank_card\rotate\bank_card_0008.png,rotate,87.04203089244851,986.8007413635771,0.015577803203661327,0.0006779176201372998,False,normal,False,pass
data\processed\bank_card\rotate\bank_card_0009.png,rotate,80.66134725400458,1054.6271283535466,0.016776315789473684,0.0007151029748283753,False,normal,False,pass
data\processed\bank_card\rotate\bank_card_0010.png,rotate,86.08512299771166,983.3769842076379,0.016370137299771166,0.0006836384439359267,False,normal,False,pass
data\processed\bank_card\rotate\bank_card_0011.png,rotate,84.53894450800915,890.979907419496,0.015380434782608695,0.0006950800915331808,False,normal,False,pass
data\processed\bank_card\rotate\bank_card_0012.png,rotate,86.95757151029748,888.7199634003997,0.015975400457665902,0.0006979405034324942,False,normal,False,pass
data\processed\bank_card\rotate\bank_card_0013.png,rotate,84.61730263157895,929.5578105909776,0.01619851258581236,0.0007036613272311213,False,normal,False,pass
data\processed\bank_card\rotate\bank_card_0014.png,rotate,82.59689645308924,1007.5996949866208,0.015194508009153318,0.0006979405034324942,False,normal,False,pass
data\processed\bank_card\rotate\bank_card_0015.png,rotate,82.31910183066361,963.7165272406696,0.01647025171624714,0.0006836384439359267,False,normal,False,pass
data\processed\bank_card\rotate\bank_card_0016.png,rotate,84.10818649885583,967.5673421238442,0.015846681922196796,0.0006893592677345538,False,normal,False,pass
data\processed\bank_card\rotate\bank_card_0017.png,rotate,77.40819221967963,1039.4171835637917,0.017008009153318078,0.0006979405034324942,False,normal,False,pass
data\processed\bank_card\rotate\bank_card_0018.png,rotate,80.9842076659039,982.1272492167495,0.01617562929061785,0.0007093821510297483,False,normal,False,pass
data\processed\bank_card\rotate\bank_card_0019.png,rotate,93.0958152173913,780.2704265744701,0.01593821510297483,0.0006950800915331808,False,normal,False,pass
data\processed\bank_card\rotate\bank_card_0020.png,rotate,79.89755148741419,973.8780422132568,0.016224256292906178,0.0007093821510297483,False,normal,False,pass
data\processed\bank_card\rotate\bank_card_0021.png,rotate,68.86953661327232,1168.033681611119,0.015689359267734553,0.0007065217391304348,False,normal,False,pass
data\processed\bank_card\rotate\bank_card_0022.png,rotate,77.00888443935926,1065.5083171299723,0.015758009153318077,0.0007036613272311213,False,normal,False,pass
data\processed\bank_card\rotate\bank_card_0023.png,rotate,80.98174771167048,932.319703106132,0.016481693363844394,0.0007036613272311213,False,normal,False,pass
data\processed\bank_card\rotate\bank_card_0024.png,rotate,73.47087814645309,1173.3137269954077,0.01666762013729977,0.0007036613272311213,False,normal,False,pass
data\processed\bank_card\rotate\bank_card_0025.png,rotate,82.84020881006865,938.5007102968201,0.015720823798627003,0.0006693363844393592,False,normal,False,pass
data\processed\bank_card\rotate\bank_card_0026.png,rotate,71.40602402745995,1121.5671756871454,0.016215675057208237,0.0007008009153318078,False,normal,False,pass
data\processed\bank_card\rotate\bank_card_0027.png,rotate,91.99306350114416,850.487101145662,0.015918192219679633,0.0006950800915331808,False,normal,False,pass
data\processed\bank_card\rotate\bank_card_0028.png,rotate,97.14079519450802,752.8378844462239,0.016187070938215104,0.0007179633867276888,False,normal,False,pass
data\processed\bank_card\rotate\bank_card_0029.png,rotate,84.04065503432494,1009.6233661454136,0.016644736842105264,0.0007093821510297483,False,normal,False,pass
data\processed\bank_card\rotate\bank_card_0030.png,rotate,87.1666847826087,868.1525420391449,0.015700800915331808,0.0007036613272311213,False,normal,False,pass
data\processed\bank_card\rotate\bank_card_0031.png,rotate,86.6816990846682,990.4776172530295,0.01545766590389016,0.0006836384439359267,False,normal,False,pass
data\processed\bank_card\rotate\bank_card_0032.png,rotate,81.38699084668193,946.6310609280824,0.016132723112128145,0.0006950800915331808,False,normal,False,pass
data\processed\bank_card\rotate\bank_card_0033.png,rotate,78.52578661327232,962.7777381667229,0.015969679633867275,0.0007008009153318078,False,normal,False,pass
data\processed\bank_card\rotate\bank_card_0034.png,rotate,71.7908094965675,1017.09936361003,0.015697940503432494,0.0006979405034324942,False,normal,False,pass
data\processed\bank_card\rotate\bank_card_0035.png,rotate,73.56059782608696,1034.584320363482,0.016084096109839817,0.0006893592677345538,False,normal,False,pass
data\processed\bank_card\rotate\bank_card_0036.png,rotate,71.6475114416476,1055.0270744607433,0.016287185354691074,0.0007208237986270023,False,normal,False,pass
data\processed\bank_card\rotate\bank_card_0037.png,rotate,86.25488844393593,915.3980817056367,0.015929633867276888,0.0006950800915331808,False,normal,False,pass
data\processed\bank_card\rotate\bank_card_0038.png,rotate,78.36409038901601,956.6623457183413,0.015617848970251716,0.0006922196796338673,False,normal,False,pass
data\processed\bank_card\rotate\bank_card_0039.png,rotate,77.97284038901601,1049.200061926772,0.017185354691075516,0.0007008009153318078,False,normal,False,pass
data\processed\bank_card\rotate\bank_card_0040.png,rotate,89.31277459954234,871.064669210415,0.017405606407322655,0.0007036613272311213,False,normal,False,pass
data\processed\bank_card\rotate\bank_card_0041.png,rotate,88.207926201373,831.1073959372251,0.016304347826086956,0.0006836384439359267,False,normal,False,pass
data\processed\bank_card\rotate\bank_card_0042.png,rotate,89.72034897025172,879.3820191075188,0.016187070938215104,0.0007179633867276888,False,normal,False,pass
data\processed\bank_card\rotate\bank_card_0043.png,rotate,93.28443649885584,846.4597800614807,0.016187070938215104,0.0006922196796338673,False,normal,False,pass
data\processed\bank_card\rotate\bank_card_0044.png,rotate,86.10108695652174,938.8778370434142,0.015680778032036612,0.0006750572082379863,False,normal,False,pass
data\processed\bank_card\rotate\bank_card_0045.png,rotate,89.30872139588101,902.7824396262941,0.016458810068649885,0.0006779176201372998,False,normal,False,pass
data\processed\bank_card\rotate\bank_card_0046.png,rotate,71.02670480549199,1259.1332523181038,0.016058352402745994,0.0006893592677345538,False,normal,False,pass
data\processed\bank_card\rotate\bank_card_0047.png,rotate,88.60468821510297,876.4937230729776,0.016902173913043477,0.0006979405034324942,False,normal,False,pass
data\processed\bank_card\rotate\bank_card_0048.png,rotate,85.06132151029749,962.267380290911,0.016418764302059498,0.0006864988558352403,False,normal,False,pass
data\processed\bank_card\rotate\bank_card_0049.png,rotate,79.95699370709382,885.6072735816334,0.015606407322654461,0.0007036613272311213,False,normal,False,pass
data\processed\bank_card\rotate\bank_card_0050.png,rotate,78.16788901601831,1018.4830426393733,0.015766590389016018,0.0006922196796338673,False,normal,False,pass
data\processed\bank_card\rotate\bank_card_0051.png,rotate,89.40202517162471,935.2691258430607,0.0168220823798627,0.0007151029748283753,False,normal,False,pass
data\processed\bank_card\rotate\bank_card_0052.png,rotate,89.62520881006866,833.6913193302888,0.016375858123569793,0.0006864988558352403,False,normal,False,pass
data\processed\bank_card\rotate\bank_card_0053.png,rotate,81.26351258581235,972.448067218297,0.016270022883295196,0.0006979405034324942,False,normal,False,pass
data\processed\bank_card\rotate\bank_card_0054.png,rotate,80.80878432494279,957.0720693139248,0.01629862700228833,0.0007008009153318078,False,normal,False,pass
data\processed\bank_card\rotate\bank_card_0055.png,rotate,82.73946510297483,969.9000917949296,0.015546338672768879,0.0006779176201372998,False,normal,False,pass
data\processed\bank_card\rotate\bank_card_0056.png,rotate,81.14877860411899,935.2743313859514,0.01584096109839817,0.0006807780320366133,False,normal,False,pass
data\processed\bank_card\rotate\bank_card_0057.png,rotate,69.95860411899314,1145.1475482020644,0.01621853546910755,0.0006922196796338673,False,normal,False,pass
data\processed\bank_card\rotate\bank_card_0058.png,rotate,89.17365846681922,851.7411291554846,0.016613272311212814,0.0007122425629290617,False,normal,False,pass
data\processed\bank_card\rotate\bank_card_0059.png,rotate,79.82828661327231,997.5686588853346,0.015921052631578947,0.0007065217391304348,False,normal,False,pass
data\processed\bank_card\rotate\bank_card_0060.png,rotate,85.86576086956522,946.1663849677175,0.01687070938215103,0.0006922196796338673,False,normal,False,pass
data\processed\bank_card\rotate\bank_card_0061.png,rotate,80.04809496567506,1009.8911123663725,0.016887871853546912,0.0007122425629290617,False,normal,False,pass
data\processed\bank_card\rotate\bank_card_0062.png,rotate,76.79161899313502,1049.4552356704162,0.016424485125858125,0.0006836384439359267,False,normal,False,pass
data\processed\bank_card\rotate\bank_card_0063.png,rotate,85.8158152173913,845.4108411023518,0.014962814645308924,0.0006979405034324942,False,normal,False,pass
data\processed\bank_card\rotate\bank_card_0064.png,rotate,74.43132437070938,1247.80601817363,0.016410183066361557,0.0007093821510297483,False,normal,False,pass
data\processed\bank_card\rotate\bank_card_0065.png,rotate,81.95817505720824,910.4739510790939,0.015683638443935926,0.0007151029748283753,False,normal,False,pass
data\processed\bank_card\rotate\bank_card_0066.png,rotate,83.78202231121281,996.1081134491724,0.01599828375286041,0.0006922196796338673,False,normal,False,pass
data\processed\bank_card\rotate\bank_card_0067.png,rotate,91.6700028604119,802.9581351706298,0.016204233409610982,0.0007122425629290617,False,normal,False,pass
data\processed\bank_card\rotate\bank_card_0068.png,rotate,94.11309496567506,789.1985279474351,0.01600400457665904,0.0006922196796338673,False,normal,False,pass
data\processed\bank_card\rotate\bank_card_0069.png,rotate,80.65628432494279,1032.5375847925498,0.016616132723112128,0.0006950800915331808,False,normal,False,pass
data\processed\bank_card\rotate\bank_card_0070.png,rotate,83.36909324942792,951.0960463459955,0.01634725400457666,0.0007036613272311213,False,normal,False,pass
data\processed\bank_card\rotate\bank_card_0071.png,rotate,92.28704805491991,806.7594397904569,0.016907894736842104,0.0007008009153318078,False,normal,False,pass
data\processed\bank_card\rotate\bank_card_0072.png,rotate,77.50152459954234,967.7004168837612,0.016147025171624713,0.0006950800915331808,False,normal,False,pass
data\processed\bank_card\rotate\bank_card_0073.png,rotate,91.89429919908467,833.4533556951325,0.01602974828375286,0.0006979405034324942,False,normal,False,pass
data\processed\bank_card\rotate\bank_card_0074.png,rotate,80.38255434782609,1078.1420086777744,0.01569508009153318,0.0007008009153318078,False,normal,False,pass
data\processed\bank_card\rotate\bank_card_0075.png,rotate,83.7083838672769,896.7322662619324,0.016261441647597255,0.0006979405034324942,False,normal,False,pass
data\processed\bank_card\rotate\bank_card_0076.png,rotate,85.10591247139588,836.1152580202073,0.01535183066361556,0.0006779176201372998,False,normal,False,pass
data\processed\bank_card\rotate\bank_card_0077.png,rotate,81.4354033180778,930.460223915629,0.016295766590389015,0.0006836384439359267,False,normal,False,pass
data\processed\bank_card\rotate\bank_card_0078.png,rotate,83.96512585812357,929.9503942391747,0.016106979405034326,0.0006893592677345538,False,normal,False,pass
data\processed\bank_card\rotate\bank_card_0079.png,rotate,86.08594965675057,880.6797045455594,0.016387299771167048,0.0007093821510297483,False,normal,False,pass
data\processed\bank_card\rotate\bank_card_0080.png,rotate,91.40778604118994,882.1646106527024,0.016484553775743708,0.0006950800915331808,False,normal,False,pass
data\processed\bank_card\rotate\bank_card_0081.png,rotate,78.84964244851258,1106.065325096089,0.015137299771167049,0.0006693363844393592,False,normal,False,pass
data\processed\bank_card\rotate\bank_card_0082.png,rotate,84.43219679633867,921.5247486208497,0.015589244851258581,0.0007008009153318078,False,normal,False,pass
data\processed\bank_card\rotate\bank_card_0083.png,rotate,85.5616275743707,940.931560831339,0.016304347826086956,0.0007122425629290617,False,normal,False,pass
data\processed\bank_card\rotate\bank_card_0084.png,rotate,85.74187643020595,925.12217327076,0.01587242562929062,0.0007151029748283753,False,normal,False,pass
data\processed\bank_card\rotate\bank_card_0085.png,rotate,79.58573798627002,1037.1285718252702,0.015225972540045766,0.0007065217391304348,False,normal,False,pass
data\processed\bank_card\rotate\bank_card_0086.png,rotate,81.36815789473684,881.9794339971082,0.016533180778032036,0.0007151029748283753,False,normal,False,pass
data\processed\bank_card\rotate\bank_card_0087.png,rotate,77.44590961098397,1024.9562972817578,0.016104118993135012,0.0007236842105263158,False,normal,False,pass
data\processed\bank_card\rotate\bank_card_0088.png,rotate,85.55274313501144,868.8792810416547,0.015958237986270024,0.0007065217391304348,False,normal,False,pass
data\processed\bank_card\rotate\bank_card_0089.png,rotate,83.33956521739131,928.8066717495709,0.015437643020594966,0.0007151029748283753,False,normal,False,pass
data\processed\bank_card\rotate\bank_card_0090.png,rotate,89.54319794050343,858.0216310067912,0.01534324942791762,0.0007008009153318078,False,normal,False,pass
data\processed\bank_card\rotate\bank_card_0091.png,rotate,75.78854977116704,995.1784730063439,0.015471967963386728,0.0007179633867276888,False,normal,False,pass
data\processed\bank_card\rotate\bank_card_0092.png,rotate,94.55831521739131,782.5757247929964,0.01597254004576659,0.0007551487414187644,False,normal,False,pass
data\processed\bank_card\rotate\bank_card_0093.png,rotate,81.72823226544622,969.4030357602218,0.015832379862700228,0.0006922196796338673,False,normal,False,pass
data\processed\bank_card\rotate\bank_card_0094.png,rotate,79.93736842105262,1026.624494205203,0.01636441647597254,0.0007122425629290617,False,normal,False,pass
data\processed\bank_card\rotate\bank_card_0095.png,rotate,87.02675915331808,885.1728865287033,0.016378718535469107,0.0006979405034324942,False,normal,False,pass
data\processed\bank_card\rotate\bank_card_0096.png,rotate,75.62605549199084,1020.6460760004813,0.01603546910755149,0.0006979405034324942,False,normal,False,pass
data\processed\bank_card\rotate\bank_card_0097.png,rotate,88.3366676201373,874.8654813076666,0.01564359267734554,0.0006807780320366133,False,normal,False,pass
data\processed\bank_card\rotate\bank_card_0098.png,rotate,85.17155034324942,888.148034472087,0.016802059496567507,0.0007093821510297483,False,normal,False,pass
data\processed\bank_card\rotate\bank_card_0099.png,rotate,83.1129376430206,962.5940438598674,0.015706521739130435,0.0006979405034324942,False,normal,False,pass
data\processed\bank_card\rotate\bank_card_0100.png,rotate,85.19683924485126,894.6360720890566,0.015646453089244852,0.0007036613272311213,False,normal,False,pass
data\processed\bank_card\dark\bank_card_0001.png,dark,43.815637871853546,199.00706520155106,0.0,0.0,False,dark,False,review
data\processed\bank_card\dark\bank_card_0002.png,dark,24.514196224256292,116.24269450535819,0.0,0.0,False,dark,False,review
data\processed\bank_card\dark\bank_card_0003.png,dark,20.0316733409611,85.12612698016432,0.0,0.0,False,dark,False,review
data\processed\bank_card\dark\bank_card_0004.png,dark,57.687614416475974,612.3641244185902,0.0,0.0,False,dark,False,review
data\processed\bank_card\dark\bank_card_0005.png,dark,72.27856407322655,828.138704988637,0.0,0.0,False,normal,False,pass
data\processed\bank_card\dark\bank_card_0006.png,dark,47.65232837528604,295.2340903227422,0.0,0.0,False,dark,False,review
data\processed\bank_card\dark\bank_card_0007.png,dark,76.06681636155606,883.4771378265582,0.0,0.0,False,normal,False,pass
data\processed\bank_card\dark\bank_card_0008.png,dark,49.200786613272314,380.40154983187716,0.0,0.0,False,dark,False,review
data\processed\bank_card\dark\bank_card_0009.png,dark,47.61372711670481,430.01298502554744,0.0,0.0,False,dark,False,review
data\processed\bank_card\dark\bank_card_0010.png,dark,27.42413615560641,124.14360409853822,0.0,0.0,False,dark,False,review
data\processed\bank_card\dark\bank_card_0011.png,dark,45.3287299771167,300.89648551332283,0.0,0.0,False,dark,False,review
data\processed\bank_card\dark\bank_card_0012.png,dark,37.27689359267735,190.248423506163,0.0,0.0,False,dark,False,review
data\processed\bank_card\dark\bank_card_0013.png,dark,35.94483123569794,198.7273512538684,0.0,0.0,False,dark,False,review
data\processed\bank_card\dark\bank_card_0014.png,dark,27.375606407322653,131.89849232368047,0.0,0.0,False,dark,False,review
data\processed\bank_card\dark\bank_card_0015.png,dark,24.18901315789474,102.08112983421886,0.0,0.0,False,dark,False,review
data\processed\bank_card\dark\bank_card_0016.png,dark,23.867723112128147,90.44869558292183,0.0,0.0,False,dark,False,review
data\processed\bank_card\dark\bank_card_0017.png,dark,23.501576086956522,108.70322366456566,0.0,0.0,False,dark,False,review
data\processed\bank_card\dark\bank_card_0018.png,dark,49.14078661327231,418.6787757389943,0.0,0.0,False,dark,False,review
data\processed\bank_card\dark\bank_card_0019.png,dark,70.46223398169336,502.5361546605732,0.0,0.0,False,normal,False,pass
data\processed\bank_card\dark\bank_card_0020.png,dark,61.074147597254004,636.8069278453245,0.0,0.0,False,dark,False,review
data\processed\bank_card\dark\bank_card_0021.png,dark,39.329553775743705,441.2197764846323,0.0,0.0,False,dark,False,review
data\processed\bank_card\dark\bank_card_0022.png,dark,54.3883438215103,629.3587464032121,0.0,0.0,False,dark,False,review
data\processed\bank_card\dark\bank_card_0023.png,dark,40.20008581235698,271.59164666042005,0.0,0.0,False,dark,False,review
data\processed\bank_card\dark\bank_card_0024.png,dark,47.88663901601831,564.4667235517854,0.0,0.0,False,dark,False,review
data\processed\bank_card\dark\bank_card_0025.png,dark,57.404945652173915,533.1986466880013,0.0,0.0,False,dark,False,review
data\processed\bank_card\dark\bank_card_0026.png,dark,63.555763729977116,1047.3773312191295,0.0,0.0,False,dark,False,review
data\processed\bank_card\dark\bank_card_0027.png,dark,62.434776887871855,449.19399576173845,0.0,0.0,False,dark,False,review
data\processed\bank_card\dark\bank_card_0028.png,dark,76.61919050343249,530.6940013498263,0.0,0.0,False,normal,False,pass
data\processed\bank_card\dark\bank_card_0029.png,dark,35.34424199084668,211.83557464430586,0.0,0.0,False,dark,False,review
data\processed\bank_card\dark\bank_card_0030.png,dark,72.13759725400458,677.337335202564,0.0,0.0,False,normal,False,pass
data\processed\bank_card\dark\bank_card_0031.png,dark,60.24954233409611,553.7243333171793,0.0,0.0,False,dark,False,review
data\processed\bank_card\dark\bank_card_0032.png,dark,44.61359553775744,310.6747310427021,0.0,0.0,False,dark,False,review
data\processed\bank_card\dark\bank_card_0033.png,dark,20.72733123569794,78.09799483613017,0.0,0.0,True,dark,False,review
data\processed\bank_card\dark\bank_card_0034.png,dark,17.597028032036615,69.32920764625902,0.0,0.0,True,dark,False,review
data\processed\bank_card\dark\bank_card_0035.png,dark,29.303183638443937,185.58910463196088,0.0,0.0,False,dark,False,review
data\processed\bank_card\dark\bank_card_0036.png,dark,41.046859267734554,411.32824283960207,0.0,0.0,False,dark,False,review
data\processed\bank_card\dark\bank_card_0037.png,dark,77.59979118993135,813.0147723484488,0.0,0.0,False,normal,False,pass
data\processed\bank_card\dark\bank_card_0038.png,dark,52.77549771167048,501.35892929320335,0.0,0.0,False,dark,False,review
data\processed\bank_card\dark\bank_card_0039.png,dark,51.44138443935927,534.4362771676865,0.0,0.0,False,dark,False,review
data\processed\bank_card\dark\bank_card_0040.png,dark,73.84226830663616,681.4026541876476,0.0,0.0,False,normal,False,pass
data\processed\bank_card\dark\bank_card_0041.png,dark,51.96171910755149,348.153540808194,0.0,0.0,False,dark,False,review
data\processed\bank_card\dark\bank_card_0042.png,dark,44.08659038901602,257.04862141993596,0.0,0.0,False,dark,False,review
data\processed\bank_card\dark\bank_card_0043.png,dark,66.61259153318078,481.3942991578393,0.0,0.0,False,normal,False,pass
data\processed\bank_card\dark\bank_card_0044.png,dark,58.814187643020595,502.70326611122096,0.0,0.0,False,dark,False,review
data\processed\bank_card\dark\bank_card_0045.png,dark,47.03674771167048,288.5603260206828,0.0,0.0,False,dark,False,review
data\processed\bank_card\dark\bank_card_0046.png,dark,53.85506864988558,845.3434867619142,0.0,0.0,False,dark,False,review
data\processed\bank_card\dark\bank_card_0047.png,dark,50.59767162471396,332.2969908088486,0.0,0.0,False,dark,False,review
data\processed\bank_card\dark\bank_card_0048.png,dark,44.86934210526316,313.97357416619315,0.0,0.0,False,dark,False,review
data\processed\bank_card\dark\bank_card_0049.png,dark,66.939204805492,693.0331518199289,0.0,0.0,False,normal,False,pass
data\processed\bank_card\dark\bank_card_0050.png,dark,49.10767162471396,470.01530511266714,0.0,0.0,False,dark,False,review
data\processed\bank_card\dark\bank_card_0051.png,dark,28.43175057208238,114.65940503167397,0.0,0.0,False,dark,False,review
data\processed\bank_card\dark\bank_card_0052.png,dark,24.375838100686497,73.23183065965547,0.0,0.0,True,dark,False,review
data\processed\bank_card\dark\bank_card_0053.png,dark,61.81420194508009,626.1856195341178,0.0,0.0,False,dark,False,review
data\processed\bank_card\dark\bank_card_0054.png,dark,72.59596681922197,864.6702782254906,0.0,0.0,False,normal,False,pass
data\processed\bank_card\dark\bank_card_0055.png,dark,56.588744279176204,564.635356437424,0.0,0.0,False,dark,False,review
data\processed\bank_card\dark\bank_card_0056.png,dark,74.82146453089244,884.3801390798703,0.0,0.0,False,normal,False,pass
data\processed\bank_card\dark\bank_card_0057.png,dark,45.401933638443936,550.970574939838,0.0,0.0,False,dark,False,review
data\processed\bank_card\dark\bank_card_0058.png,dark,64.12977116704805,496.5031519538511,0.0,0.0,False,dark,False,review
data\processed\bank_card\dark\bank_card_0059.png,dark,60.06287185354691,651.926054775505,0.0,0.0,False,dark,False,review
data\processed\bank_card\dark\bank_card_0060.png,dark,23.161779176201374,79.15496280776428,0.0,0.0,True,dark,False,review
data\processed\bank_card\dark\bank_card_0061.png,dark,24.751398741418765,116.66641584752469,0.0,0.0,False,dark,False,review
data\processed\bank_card\dark\bank_card_0062.png,dark,53.35307208237986,600.6844782359638,0.0,0.0,False,dark,False,review
data\processed\bank_card\dark\bank_card_0063.png,dark,64.81162185354691,545.5207174304469,0.0,0.0,False,dark,False,review
data\processed\bank_card\dark\bank_card_0064.png,dark,16.393526887871854,72.61385868189832,0.0,0.0,True,dark,False,review
data\processed\bank_card\dark\bank_card_0065.png,dark,43.3075028604119,292.2926601358074,0.0,0.0,False,dark,False,review
data\processed\bank_card\dark\bank_card_0066.png,dark,26.370217391304347,115.43013998815745,0.0,0.0,False,dark,False,review
data\processed\bank_card\dark\bank_card_0067.png,dark,48.44849542334096,261.94304051703915,0.0,0.0,False,dark,False,review
data\processed\bank_card\dark\bank_card_0068.png,dark,34.713575514874144,125.94152148568615,0.0,0.0,False,dark,False,review
data\processed\bank_card\dark\bank_card_0069.png,dark,21.356218535469107,87.56311498344463,0.0,0.0,False,dark,False,review
data\processed\bank_card\dark\bank_card_0070.png,dark,42.031630434782606,275.6431889450562,0.0,0.0,False,dark,False,review
data\processed\bank_card\dark\bank_card_0071.png,dark,43.27940217391304,193.24821109197526,0.0,0.0,False,dark,False,review
data\processed\bank_card\dark\bank_card_0072.png,dark,72.35495423340961,932.7601281087423,0.0,0.0,False,normal,False,pass
data\processed\bank_card\dark\bank_card_0073.png,dark,33.371822082379865,124.80204230058281,0.0,0.0,False,dark,False,review
data\processed\bank_card\dark\bank_card_0074.png,dark,67.53765160183066,909.3092033652634,0.0,0.0,False,normal,False,pass
data\processed\bank_card\dark\bank_card_0075.png,dark,21.773847254004576,73.87617557017599,0.0,0.0,True,dark,False,review
data\processed\bank_card\dark\bank_card_0076.png,dark,42.6637442791762,252.47778840242879,0.0,0.0,False,dark,False,review
data\processed\bank_card\dark\bank_card_0077.png,dark,64.71199942791762,657.5094175698674,0.0,0.0,False,dark,False,review
data\processed\bank_card\dark\bank_card_0078.png,dark,53.32120995423341,432.8261756286278,0.0,0.0,False,dark,False,review
data\processed\bank_card\dark\bank_card_0079.png,dark,35.516221395881004,168.6404003193909,0.0,0.0,False,dark,False,review
data\processed\bank_card\dark\bank_card_0080.png,dark,33.12074942791762,134.22686472932125,0.0,0.0,False,dark,False,review
data\processed\bank_card\dark\bank_card_0081.png,dark,22.15171052631579,106.57777436308382,0.0,0.0,False,dark,False,review
data\processed\bank_card\dark\bank_card_0082.png,dark,79.71216533180778,910.1034536911425,0.0,0.0,False,normal,False,pass
data\processed\bank_card\dark\bank_card_0083.png,dark,74.31195080091533,771.182589058139,0.0,0.0,False,normal,False,pass
data\processed\bank_card\dark\bank_card_0084.png,dark,74.77467963386728,810.079144674913,0.0,0.0,False,normal,False,pass
data\processed\bank_card\dark\bank_card_0085.png,dark,49.52797768878718,461.7694134835939,0.0,0.0,False,dark,False,review
data\processed\bank_card\dark\bank_card_0086.png,dark,31.673401029748284,146.9799223835986,0.0,0.0,False,dark,False,review
data\processed\bank_card\dark\bank_card_0087.png,dark,51.413395308924486,519.8684264582128,0.0,0.0,False,dark,False,review
data\processed\bank_card\dark\bank_card_0088.png,dark,45.28112700228833,281.8865071749129,0.0,0.0,False,dark,False,review
data\processed\bank_card\dark\bank_card_0089.png,dark,75.53913901601831,847.5707234393328,0.0,0.0,False,normal,False,pass
data\processed\bank_card\dark\bank_card_0090.png,dark,64.12678203661328,499.9802630916208,0.0,0.0,False,dark,False,review
data\processed\bank_card\dark\bank_card_0091.png,dark,39.512388443935926,308.121055424236,0.0,0.0,False,dark,False,review
data\processed\bank_card\dark\bank_card_0092.png,dark,76.5795652173913,595.733665099571,0.0,0.0,False,normal,False,pass
data\processed\bank_card\dark\bank_card_0093.png,dark,38.524364988558354,247.77203658761368,0.0,0.0,False,dark,False,review
data\processed\bank_card\dark\bank_card_0094.png,dark,23.903026315789475,112.54102083648883,0.0,0.0,False,dark,False,review
data\processed\bank_card\dark\bank_card_0095.png,dark,41.7720966819222,232.04965343831162,0.0,0.0,False,dark,False,review
data\processed\bank_card\dark\bank_card_0096.png,dark,59.624988558352406,712.8837949547357,0.0,0.0,False,dark,False,review
data\processed\bank_card\dark\bank_card_0097.png,dark,77.74204519450801,802.0589003450824,0.0,0.0,False,normal,False,pass
data\processed\bank_card\dark\bank_card_0098.png,dark,71.5941361556064,685.5484542574642,0.0,0.0,False,normal,False,pass
data\processed\bank_card\dark\bank_card_0099.png,dark,64.02805778032037,642.0757916507309,0.0,0.0,False,dark,False,review
data\processed\bank_card\dark\bank_card_0100.png,dark,74.27647597254004,767.2629531886639,0.0,0.0,False,normal,False,pass
data\processed\bank_card\bright\bank_card_0001.png,bright,235.13174771167047,54.18923864331381,0.467016590389016,0.4389016018306636,True,bright,True,review
data\processed\bank_card\bright\bank_card_0002.png,bright,228.77647883295194,102.69154175604906,0.4444651029748284,0.3703146453089245,False,bright,True,review
data\processed\bank_card\bright\bank_card_0003.png,bright,222.0070938215103,163.14204230058274,0.4183066361556064,0.25781178489702516,False,bright,True,review
data\processed\bank_card\bright\bank_card_0004.png,bright,199.71609839816935,324.3671729221758,0.0978604118993135,0.030085812356979404,False,normal,True,review
data\processed\bank_card\bright\bank_card_0005.png,bright,199.28254862700229,297.07109966433524,0.11133867276887872,0.06094965675057208,False,normal,True,review
data\processed\bank_card\bright\bank_card_0006.png,bright,188.98031178489703,321.4892272927804,0.04808352402745995,0.001066933638443936,False,normal,False,pass
data\processed\bank_card\bright\bank_card_0007.png,bright,197.18603832951945,332.35633431260436,0.06015160183066361,0.006324370709382151,False,normal,True,review
data\processed\bank_card\bright\bank_card_0008.png,bright,191.45837242562928,440.7770210238311,0.04456807780320366,0.001072654462242563,False,normal,False,pass
data\processed\bank_card\bright\bank_card_0009.png,bright,208.15731407322656,344.8923071769502,0.08938215102974828,0.031727688787185356,False,normal,True,review
data\processed\bank_card\bright\bank_card_0010.png,bright,236.66400457665904,84.91513399516904,0.7574828375286041,0.747308352402746,False,bright,True,review
data\processed\bank_card\bright\bank_card_0011.png,bright,194.75098112128146,329.5539241591241,0.06213386727688787,0.006350114416475972,False,normal,True,review
data\processed\bank_card\bright\bank_card_0012.png,bright,214.31560640732266,198.4328514642429,0.22730549199084668,0.16520881006864988,False,bright,True,review
data\processed\bank_card\bright\bank_card_0013.png,bright,217.01883581235697,183.0786496085752,0.1479233409610984,0.05645022883295194,False,bright,True,review
data\processed\bank_card\bright\bank_card_0014.png,bright,234.66821510297484,100.80341259834712,0.1265017162471396,0.056375858123569794,False,bright,True,review
data\processed\bank_card\bright\bank_card_0015.png,bright,233.32778032036614,106.49658456185952,0.5607608695652174,0.28462242562929063,False,bright,True,review
data\processed\bank_card\bright\bank_card_0016.png,bright,197.26423054919908,366.6575248794879,0.06112986270022883,0.013566933638443936,False,normal,True,review
data\processed\bank_card\bright\bank_card_0017.png,bright,176.31024885583523,513.8220535165066,0.04638157894736842,0.0010583524027459954,False,normal,False,pass
data\processed\bank_card\bright\bank_card_0018.png,bright,222.71439073226546,147.36241983921468,0.08248855835240275,0.010941075514874141,False,bright,True,review
data\processed\bank_card\bright\bank_card_0019.png,bright,211.70010583524027,179.53328646428707,0.062039473684210526,0.01160183066361556,False,bright,True,review
data\processed\bank_card\bright\bank_card_0020.png,bright,189.811278604119,411.20923549888164,0.06941361556064073,0.010357551487414188,False,normal,True,review
data\processed\bank_card\bright\bank_card_0021.png,bright,200.23368421052632,320.86111030552576,0.1635783752860412,0.10102974828375286,False,normal,True,review
data\processed\bank_card\bright\bank_card_0022.png,bright,186.84129576659038,428.22951925671686,0.058160755148741416,0.00625,False,normal,True,review
data\processed\bank_card\bright\bank_card_0023.png,bright,202.46610125858123,217.67134891736362,0.06749713958810069,0.012228260869565218,False,normal,True,review
data\processed\bank_card\bright\bank_card_0024.png,bright,234.81148169336385,124.53442495244647,0.6419136155606407,0.605612128146453,False,bright,True,review
data\processed\bank_card\bright\bank_card_0025.png,bright,217.92808066361556,156.6441524485322,0.4845966819221968,0.45480263157894735,False,bright,True,review
data\processed\bank_card\bright\bank_card_0026.png,bright,206.36152745995423,295.73650455280045,0.24010011441647597,0.13005720823798628,False,normal,True,review
data\processed\bank_card\bright\bank_card_0027.png,bright,233.0794736842105,104.70455920119885,0.11885869565217391,0.040663615560640735,False,bright,True,review
data\processed\bank_card\bright\bank_card_0028.png,bright,227.81512871853548,97.39809458896957,0.3609839816933638,0.3132837528604119,False,bright,True,review
data\processed\bank_card\bright\bank_card_0029.png,bright,180.22201659038902,495.98366211753444,0.044702517162471395,0.0016304347826086956,False,normal,False,pass
data\processed\bank_card\bright\bank_card_0030.png,bright,203.2050143020595,261.3088276102404,0.06363272311212814,0.006793478260869565,False,normal,True,review
data\processed\bank_card\bright\bank_card_0031.png,bright,222.4083352402746,209.27755275198462,0.2451716247139588,0.12163901601830664,False,bright,True,review
data\processed\bank_card\bright\bank_card_0032.png,bright,203.36320938215104,244.24993399844178,0.060231693363844395,0.00608695652173913,False,normal,True,review
data\processed\bank_card\bright\bank_card_0033.png,bright,177.6149113272311,438.02333746379503,0.04487700228832952,0.001066933638443936,False,normal,False,pass
data\processed\bank_card\bright\bank_card_0034.png,bright,214.1074799771167,202.60706404832067,0.38552631578947366,0.36213100686498856,False,bright,True,review
data\processed\bank_card\bright\bank_card_0035.png,bright,172.0612328375286,481.828068698249,0.044556636155606406,0.0010583524027459954,False,normal,False,pass
data\processed\bank_card\bright\bank_card_0036.png,bright,156.37695366132724,644.8905010897058,0.045045766590389016,0.001066933638443936,False,normal,False,pass
data\processed\bank_card\bright\bank_card_0037.png,bright,206.8442505720824,305.9832102491029,0.06744279176201373,0.009302059496567506,False,normal,True,review
data\processed\bank_card\bright\bank_card_0038.png,bright,178.079147597254,417.7790845338036,0.04426487414187643,0.001066933638443936,False,normal,False,pass
data\processed\bank_card\bright\bank_card_0039.png,bright,217.66562643020595,179.73222449389692,0.08431064073226545,0.01486842105263158,False,bright,True,review
data\processed\bank_card\bright\bank_card_0040.png,bright,192.2549942791762,294.91713281262264,0.04859267734553776,0.0016475972540045767,False,normal,False,pass
data\processed\bank_card\bright\bank_card_0041.png,bright,220.34364702517163,133.63137221806127,0.19627860411899314,0.11325800915331807,False,bright,True,review
data\processed\bank_card\bright\bank_card_0042.png,bright,181.41189931350115,476.61840456074526,0.045394736842105265,0.0010755148741418764,False,normal,False,pass
data\processed\bank_card\bright\bank_card_0043.png,bright,219.06946510297482,161.5411320998434,0.41715389016018306,0.3437900457665904,False,bright,True,review
data\processed\bank_card\bright\bank_card_0044.png,bright,211.36974542334096,249.3763998097859,0.06934496567505721,0.003938787185354691,False,bright,False,review
data\processed\bank_card\bright\bank_card_0045.png,bright,233.90807780320367,98.41589415833688,0.6354061784897025,0.5373913043478261,False,bright,True,review
data\processed\bank_card\bright\bank_card_0046.png,bright,221.0258581235698,222.16557770776927,0.5443649885583524,0.42865274599542336,False,bright,True,review
data\processed\bank_card\bright\bank_card_0047.png,bright,200.5757751716247,292.3676372809199,0.07263729977116705,0.008918764302059496,False,normal,True,review
data\processed\bank_card\bright\bank_card_0048.png,bright,237.43149885583523,72.0100243389961,0.8328775743707094,0.826021167048055,True,bright,True,review
data\processed\bank_card\bright\bank_card_0049.png,bright,210.56969393592678,158.43861614868615,0.07289187643020595,0.005466247139588101,False,bright,True,review
data\processed\bank_card\bright\bank_card_0050.png,bright,199.79584954233408,289.2004094242716,0.06004004576659039,0.0068621281464530896,False,normal,True,review
data\processed\bank_card\bright\bank_card_0051.png,bright,230.30046624713958,156.60705949653476,0.2955720823798627,0.15213100686498857,False,bright,True,review
data\processed\bank_card\bright\bank_card_0052.png,bright,217.1604719679634,127.85393878717716,0.0961012585812357,0.013449656750572083,False,bright,True,review
data\processed\bank_card\bright\bank_card_0053.png,bright,215.31606693363844,214.7249357339984,0.07766018306636156,0.010143020594965675,False,bright,True,review
data\processed\bank_card\bright\bank_card_0054.png,bright,193.6879633867277,358.7728459331013,0.06520881006864988,0.0072969107551487415,False,normal,True,review
data\processed\bank_card\bright\bank_card_0055.png,bright,202.41277745995424,429.7843588704106,0.16102116704805491,0.09096395881006865,False,normal,True,review
data\processed\bank_card\bright\bank_card_0056.png,bright,220.76949084668192,154.04710066390845,0.34185354691075515,0.2227803203661327,False,bright,True,review
data\processed\bank_card\bright\bank_card_0057.png,bright,190.63885297482838,391.328861526609,0.10328947368421053,0.03936212814645309,False,normal,True,review
data\processed\bank_card\bright\bank_card_0058.png,bright,222.21636727688787,140.14716528585797,0.4031493135011442,0.364754004576659,False,bright,True,review
data\processed\bank_card\bright\bank_card_0059.png,bright,208.70731407322654,249.42142493074795,0.15307780320366132,0.0976058352402746,False,normal,True,review
data\processed\bank_card\bright\bank_card_0060.png,bright,215.86776887871852,252.08997634053162,0.24966533180778033,0.16939645308924486,False,bright,True,review
data\processed\bank_card\bright\bank_card_0061.png,bright,221.758409610984,151.2230833899743,0.09044622425629291,0.017734553775743706,False,bright,True,review
data\processed\bank_card\bright\bank_card_0062.png,bright,213.8632608695652,228.58670406936955,0.22282322654462242,0.14837528604118994,False,bright,True,review
data\processed\bank_card\bright\bank_card_0063.png,bright,209.5550028604119,168.28657311067997,0.14115560640732266,0.09198226544622426,False,normal,True,review
data\processed\bank_card\bright\bank_card_0064.png,bright,153.56343249427917,913.4293406204346,0.041762013729977114,0.001044050343249428,False,normal,False,pass
data\processed\bank_card\bright\bank_card_0065.png,bright,221.3291819221968,134.2025055317879,0.1738386727688787,0.05798627002288329,False,bright,True,review
data\processed\bank_card\bright\bank_card_0066.png,bright,230.28512585812356,120.33712892026156,0.24280034324942792,0.16899885583524027,False,bright,True,review
data\processed\bank_card\bright\bank_card_0067.png,bright,186.7132751716247,335.6863641484268,0.04466533180778032,0.0010526315789473684,False,normal,False,pass
data\processed\bank_card\bright\bank_card_0068.png,bright,227.89026601830665,146.99671582809256,0.4132608695652174,0.3745280320366133,False,bright,True,review
data\processed\bank_card\bright\bank_card_0069.png,bright,182.09441075514874,451.82546307240966,0.04615846681922197,0.001066933638443936,False,normal,False,pass
data\processed\bank_card\bright\bank_card_0070.png,bright,207.77621567505722,275.97488251902143,0.06909897025171624,0.012994851258581236,False,normal,True,review
data\processed\bank_card\bright\bank_card_0071.png,bright,195.04163329519452,270.2906233524077,0.04645022883295195,0.0024456521739130437,False,normal,False,pass
data\processed\bank_card\bright\bank_card_0072.png,bright,232.94590102974828,80.28274848462804,0.40359553775743706,0.2806779176201373,False,bright,True,review
data\processed\bank_card\bright\bank_card_0073.png,bright,205.9629004576659,319.36084470136507,0.06138157894736842,0.0054462242562929065,False,normal,True,review
data\processed\bank_card\bright\bank_card_0074.png,bright,203.67439645308926,403.553051263155,0.17170194508009154,0.06391876430205949,False,normal,True,review
data\processed\bank_card\bright\bank_card_0075.png,bright,235.46361556064073,71.12771119919985,0.6334382151029748,0.6137299771167049,True,bright,True,review
data\processed\bank_card\bright\bank_card_0076.png,bright,223.62060926773455,118.42024848941449,0.18997139588100687,0.139470823798627,False,bright,True,review
data\processed\bank_card\bright\bank_card_0077.png,bright,209.87941647597253,254.35323475508457,0.08119565217391304,0.016518878718535468,False,normal,True,review
data\processed\bank_card\bright\bank_card_0078.png,bright,178.74851544622425,455.08293760845186,0.04500858123569794,0.0010526315789473684,False,normal,False,pass
data\processed\bank_card\bright\bank_card_0079.png,bright,238.04798627002288,72.42719877112746,0.6548340961098398,0.6411355835240274,True,bright,True,review
data\processed\bank_card\bright\bank_card_0080.png,bright,176.14218249427918,475.0373002013333,0.043624141876430204,0.0010526315789473684,False,normal,False,pass
data\processed\bank_card\bright\bank_card_0081.png,bright,192.91877860411898,379.6213859656541,0.055197368421052634,0.008993135011441647,False,normal,True,review
data\processed\bank_card\bright\bank_card_0082.png,bright,211.31522597254005,267.228286464287,0.07633581235697941,0.012711670480549199,False,bright,True,review
data\processed\bank_card\bright\bank_card_0083.png,bright,212.87277459954234,244.3419263695941,0.08356693363844393,0.012245423340961098,False,bright,True,review
data\processed\bank_card\bright\bank_card_0084.png,bright,211.3220394736842,279.88763157685275,0.33710526315789474,0.16217105263157894,False,bright,True,review
data\processed\bank_card\bright\bank_card_0085.png,bright,212.54010583524027,279.79405245248415,0.15007151029748284,0.08789759725400458,False,bright,True,review
data\processed\bank_card\bright\bank_card_0086.png,bright,207.38304633867276,178.69958677534055,0.07922196796338672,0.015274599542334096,False,normal,True,review
data\processed\bank_card\bright\bank_card_0087.png,bright,173.69470251716248,510.68464141083615,0.04600400457665904,0.001066933638443936,False,normal,False,pass
data\processed\bank_card\bright\bank_card_0088.png,bright,209.08189645308926,197.60597370748005,0.09762299771167048,0.03361556064073227,False,normal,True,review
data\processed\bank_card\bright\bank_card_0089.png,bright,209.07464816933637,247.1967351918946,0.13356979405034325,0.06764588100686499,False,normal,True,review
data\processed\bank_card\bright\bank_card_0090.png,bright,204.93272311212814,284.142921728003,0.07076945080091533,0.01920766590389016,False,normal,True,review
data\processed\bank_card\bright\bank_card_0091.png,bright,205.91849828375285,230.1261465014528,0.2695051487414188,0.17821224256292906,False,normal,True,review
data\processed\bank_card\bright\bank_card_0092.png,bright,202.84643592677347,226.45093156021886,0.046967963386727686,0.001101258581235698,False,normal,False,pass
data\processed\bank_card\bright\bank_card_0093.png,bright,182.26908752860413,441.31075784184037,0.0594279176201373,0.006856407322654462,False,normal,True,review
data\processed\bank_card\bright\bank_card_0094.png,bright,163.57306636155607,658.3537882418004,0.04227116704805492,0.001049771167048055,False,normal,False,pass
data\processed\bank_card\bright\bank_card_0095.png,bright,225.40971681922196,201.99806156063775,0.09314645308924485,0.02151315789473684,False,bright,True,review
data\processed\bank_card\bright\bank_card_0096.png,bright,193.41099256292907,296.7371116063914,0.05857837528604119,0.012076659038901602,False,normal,True,review
data\processed\bank_card\bright\bank_card_0097.png,bright,228.93723398169337,133.82390395771043,0.07794622425629291,0.008240846681922197,False,bright,True,review
data\processed\bank_card\bright\bank_card_0098.png,bright,204.3303175057208,203.23138935867044,0.06262871853546911,0.005612128146453089,False,normal,True,review
data\processed\bank_card\bright\bank_card_0099.png,bright,231.5970080091533,93.78886829124589,0.08584954233409611,0.02655320366132723,False,bright,True,review
data\processed\bank_card\bright\bank_card_0100.png,bright,195.77952517162473,321.5098024605761,0.045263157894736845,0.001072654462242563,False,normal,False,pass
